amount,link
Ξ2.7,https://etherscan.io/tx/0x522c99debaabc0dd09920c9f78667ed29446d80a324d3449ebdbab2e6c81ba69
Ξ0.1,https://etherscan.io/tx/0x1d388a65d960cfa8654be3866096ac3e96b39119f3e77b800c40edec2d6b0808
Ξ0.06,https://etherscan.io/tx/0xee3cd7a5af77f24be188cb74b7e8cc9edd8d0f413d2e37da632c7beb4b2a6168
Ξ0.1,https://etherscan.io/tx/0x51dbefa1f0baeea7d05ab99bde8b2afc07968d9a762831de658a2d2c8b477c65
Ξ0.01,https://etherscan.io/tx/0x9bd7545eb1041ff158bb4323b15ac542ce83ec7eb14bff9e0896ca8788d7145a
Ξ0.1,https://etherscan.io/tx/0x7f26250d00492ded98f62fbe9baed4d752a26d5c34f43b10d1c04a7c10383ecd
Ξ0.0001,https://etherscan.io/tx/0x4af77e73ebdb3735918f4a99779644ab5dfe20575273b2ec2f0836ce7386033d
Ξ0.01,https://etherscan.io/tx/0xeeb1211247a6050c1f14a0a2154d74968a892c87f1f9087a6bb8d1f7554b147c
Ξ0.002,https://etherscan.io/tx/0xd87c36ae06bfe4472c429c0ff95faa45d911f614beb0d352dec2e556ac7490f9
Ξ0.28,https://etherscan.io/tx/0xd22081666222d31a2467be980df80d7c9819c4ae75e833a6c12de8479673c62d
Ξ0.0082,https://etherscan.io/tx/0xbc1d3410dc363bca7b8198e0ec6a866d7b30993540d3a18b55f0f8211c871070
Ξ0.1,https://etherscan.io/tx/0x2ce813695aa4f48694a5ba132c7d45678475c6e59af757c66dcec4b21e9c7c4a
Ξ0.1,https://etherscan.io/tx/0x231c8ce61093f409fafae2339d1093e61c924ddea29eae61f057db15cb9fe49b
Ξ1,https://etherscan.io/tx/0xcc4e58f45fff881e68a476ea56e79cecd09fc5a58acaaee577c06dc6d2da6f76
Ξ0.1,https://etherscan.io/tx/0x7220a5bf7e678a38e5c15a3ac17c0bf061de59990eaabbcdc197c4ca2e0a8e76
Ξ0.1,https://etherscan.io/tx/0xe1a243a39d263ccdd92df8ea64be3637eab3b75c2e3395dd1cd1d698b2354a75
Ξ0.5,https://etherscan.io/tx/0x4f23f4355c9112a6c6642b1749c876b89b10b39ea8159e87bdb38660dea9e9dd
Ξ0.009,https://etherscan.io/tx/0x243e1b49da4f990085db1aeda213214a3b84e77c0b66fbe3544043f113dc82bf
Ξ0.1,https://etherscan.io/tx/0x371be7f3ca56cc460c02f288e42afaed788de3747b51c4a58a2965fd5e2c19bb
Ξ1,https://etherscan.io/tx/0xf5355ea8449bab04acc350c337d9c05af7bd8dcbee198ab1d5b4de27289a874a
Ξ0.2,https://etherscan.io/tx/0x238cb7913715ae95d33ff12417f069cef06b6df4227a44933a8b37e182907ec5
Ξ0.1,https://etherscan.io/tx/0x9fcc24b1fbe7aca875ee9333a17521693dca8647f2117f5a944d804a425b0720
Ξ0.0818,https://etherscan.io/tx/0x4453e7bf991346403e456146e49896ab14ec4931ab5615b1696431c0bbe0475c
Ξ0.01,https://etherscan.io/tx/0x388b5f5c755242fa40d51b13bd9fd01f33486bbce4470264cd15d4d39e9b3341
Ξ0.1,https://etherscan.io/tx/0x58ffbbb025365e1309d310247ac3cc6375b6cd01dbe8f91c3c1f87ad22ae7c7c
Ξ0.01,https://etherscan.io/tx/0xf9740bd2bad565bf53072c7d1f8af37ae0ccb0ee258c0744e74eb0f47946394b
Ξ0.005,https://etherscan.io/tx/0xed217a034d3b929d837a345c1a45a8b80cf92ed42df9ec6edec99b4678550422
Ξ0.1,https://etherscan.io/tx/0xdd7727686a05d99f39fec534ac80745e1313082b2e792d56584c52756282b523
Ξ0.08,https://etherscan.io/tx/0xb08ea24b986aef3d26a09ddc80b2236832ef522ed96c978b42b5cef5d88181cd
Ξ1,https://etherscan.io/tx/0x3dbf95241dc636ba631567d8ba2c159e76259bf80575bc5a6d0e7a8d3a3fd7fb
Ξ0.1,https://etherscan.io/tx/0x5e38765f45f9c3b7c2c4cd13b4f1dd68f10811b69bad89e2c0768724b2e02503
Ξ0.98,https://etherscan.io/tx/0x0ae6007dba356951ed88f1da37669402af3a61d31f1cfe1d487092dd74b23a30
Ξ0.2,https://etherscan.io/tx/0x7f2378eb105024386df9edf7448373c438900496d805cc41e4b0dd1b7fcf5421
Ξ0.8,https://etherscan.io/tx/0x6d07e0b3d8436bae02ce7995aed440fd0f14bfc47bb67d49cde433eb256da16a
Ξ0.02,https://etherscan.io/tx/0x2b50313707e88f152ffa4ec0b4f7f4f6c678b40cfa461c7ed4780ced836df874
Ξ0.2,https://etherscan.io/tx/0xa6d6c4f75a147fc075d9131760ecbb93c29ff25a581758b741006faf9ee1c743
Ξ0.1,https://etherscan.io/tx/0x4ed884dea044d088206ddc0f25d7a265ef344c418f5ffe0186af47ddbc7453f2
Ξ0.07,https://etherscan.io/tx/0x00a9fca55ae173965eb268647b4e643f187e62e94fe92f88c399cbcab7360796
Ξ0.1,https://etherscan.io/tx/0x8f6adf7e21fc7d87a3c77772c2c8f06bd257dc14434095328173b35988f8e4cb
Ξ0.0025,https://etherscan.io/tx/0x144cc6dc5ac5a6e31d661382e41303041abd0e724516e2e0f85366a24612cfac
Ξ0.015,https://etherscan.io/tx/0xfcdc961f221063831aa187ac33429a235050bcbbb7dfec30cc01cadaab849a9e
Ξ0.0352,https://etherscan.io/tx/0xb4b6251dd99ed262f29951d03e661213773e7c08bc02df22821f884f8a3ed892
Ξ0.1,https://etherscan.io/tx/0x99c072d1cf14633c67d92edd7a9e33a8f9f11deb73cb47e46d72952661570329
Ξ0.01,https://etherscan.io/tx/0x1d922b162e423ef6470eb2583bd084af18490e191dd8c01788335e250fddcad3
Ξ0.01,https://etherscan.io/tx/0x9d68872087948d70badc7e2ed6caf3bde3cd9adf1d7a3758e2276d490dd71bbb
Ξ15,https://etherscan.io/tx/0x834997e3bb6f4a29e02c34c1fb069dc71351ae5a3406c47e68526b780e6c3275
Ξ0.2,https://etherscan.io/tx/0x2d0fe6431209d4216bc5b609013c7bdf0404350eb3f320be42523a05a3af914a
Ξ0.0112,https://etherscan.io/tx/0x0261c7e4e0ad537302fc67c2f76a6cf74a9e14c6506f9e96098d50bbe432a9c3
Ξ0.1,https://etherscan.io/tx/0x8cf3d83a3570642a4052356f5246f4e5a2dc1173041ab50fcfafecf9c3d671f5
Ξ0.15,https://etherscan.io/tx/0x4f64eae836edf867b4d055b3a2137d29021b8506f0b1847f9c4934121f736455
Ξ0.05,https://etherscan.io/tx/0x3b668de8404d489ca94a840940f836f9ec1be89f6de21f63e91b1dff929b0855
Ξ0.07,https://etherscan.io/tx/0x17849f6a438f87a505c2b822aae6cd6cce33fcc8b73edaa1352001ab308addf5
Ξ0.5,https://etherscan.io/tx/0x11a1e086b35aaf83d4c6d01fe6a42f7df4cb27f197d9ae64f26b933c742dca11
Ξ0.09,https://etherscan.io/tx/0x2d715bb1702a1a2f6e3998c631183259724fe341acf2418323328ff260e8de04
Ξ0.1,https://etherscan.io/tx/0xc105062867cfed8792d6fbfcacd25c2ed93b42a5c5f10363fc0c089a60eb6c28
Ξ0.05,https://etherscan.io/tx/0x825116444e2e56de4b360737280015c237726b07c39ab2d3a8cd2962acf58abf
Ξ0.1,https://etherscan.io/tx/0x8143994b87eb52154205210d612dd68e1a420f36451630d4ad71ee95b7909a38
Ξ0.1,https://etherscan.io/tx/0xc85ea9f11c3727ebc9612fc5df0a70ff4acbf8c23efd357e1cf703688de48c38
Ξ0.05,https://etherscan.io/tx/0x9a781ced09ecfe938c7469c72d7925ff223c9ebe6363f6c2c803736db5b0221f
Ξ0.05,https://etherscan.io/tx/0xdc67b746287838ed1691a0dea18058b6314930fe060b6973fd2058ac22f31077
Ξ0.03,https://etherscan.io/tx/0x59709f6880d1b30956fa47ff564589862cde301cdf0a580c47f411cdcdb2cec8
Ξ0.04,https://etherscan.io/tx/0x4a62f823e74047447978b7cd21cccf1db00703904ef603b6b58914581f4d16d0
Ξ0.1,https://etherscan.io/tx/0x02ca5afaed2bf16239a2671b03e8766dac9436a39de02b83a4625965d344d519
Ξ0.1,https://etherscan.io/tx/0x6f100047d85904a4452e687245d6b5ba666110476a1b8fbc1cad5f77a863769d
Ξ0.08,https://etherscan.io/tx/0x762b95b960f2a3e801c865a4552d0d8e986186d5401103f28035fecde2b3b532
Ξ0.1,https://etherscan.io/tx/0x6c1d3d25ae204129c0e12ddccaeabdb7d0285a293cb6f0551ea4eea053583988
Ξ0.19,https://etherscan.io/tx/0x533fb13832a05fc86f681b08941bff43c0226a2890f65565e71d7b9d29ff8555
Ξ0.14,https://etherscan.io/tx/0x340a015ce75f141cf214ffe8a9070c51dce9427e1c3f6bf341ce8174623e0a3a
Ξ0.0077,https://etherscan.io/tx/0xd0464f6bbd3198afaa570b65f36abd6af866ac822b1d1e58d9d9d2f3bea1c954
Ξ0.0047,https://etherscan.io/tx/0xb730ee189278479f7498eeb65f6517a4857e59f99b6f9c52de5b65ad6020f554
Ξ0.003,https://etherscan.io/tx/0x099ac877568231a0bd091b6541409feb1b640123b2a9f31632e46bd1157d607b
Ξ0.3,https://etherscan.io/tx/0x6d387cd600b0d8fe7881b49f6ae8a382c9889ac2f1c7653f11b3db6140d92d49
Ξ0.1,https://etherscan.io/tx/0x6c745533b129056f5670661c0e7a3cdf1a850e7bfa7f10cd94ae09d607b376bf
Ξ0.01,https://etherscan.io/tx/0xcb9435d4810aa7ae3515b03a4b7463c7a88e1c80c7ed8cc0994d8db73681240f
Ξ0.02,https://etherscan.io/tx/0xbbc6d32688075535720e9c2993f9725a6047f9d8483c919390b5d2e321b16cdd
Ξ0.3,https://etherscan.io/tx/0x13a0ca9fd04bfd4ddd6dbda40d0bb0859aab82cdac0dbb4e75cc6bdbfbf7a3ca
Ξ0.2,https://etherscan.io/tx/0xe41060935ef468809d504e20a800f616db782f8507753518eaaa15245dad9034
Ξ0.01,https://etherscan.io/tx/0x7d8bd22dbc8bfc3c019698923ebe6a01a8643eab64700e755167b173a302b52c
Ξ0.1,https://etherscan.io/tx/0x204c8edd7e81b8702d5a4114dec4d4cfd0d487e47fbf4688445b6a5dfce80973
Ξ0.24,https://etherscan.io/tx/0x92b62bcb69b74bcefbd644111ee0ef01ae3d55b1d66f4b443531263d02703ee4
Ξ0.1,https://etherscan.io/tx/0x78b6cea17c817a19c430cb3d61285c486257f8bb90ca87753b289d77189779da
Ξ0.3,https://etherscan.io/tx/0x4c18d0a7a24ad8c7333193e00afd37344a56e1617ee3adf5148ca3dcfedd779e
Ξ0.0000,https://etherscan.io/tx/0x364e634d33c0179e57492194c1b61ab32f206341f0c78340fb759c702e8c2a30
Ξ0.005,https://etherscan.io/tx/0x262eac41e88b39067b82e464bff2e3fd28da8ae1793726e941920198614a9ae0
Ξ1.095,https://etherscan.io/tx/0x2f9c0edb33d0f68ce5e1b1ef2faefd83d1b48d7e72853de54a9e013de528fd8c
Ξ0.15,https://etherscan.io/tx/0xf69c77621c7f8e386fff515ecd44233dbb0fd01967024d1a7e57a520e6474a2e
Ξ0.015,https://etherscan.io/tx/0xe494ef817ad27e42832d7766c1ca6a1bfaa0f11795a32c54d17470ad7ad5943c
Ξ0.025,https://etherscan.io/tx/0xdefba8f7dc288afe480925a23538cdfe98c53fbccb881ddddda7f144a73371a3
Ξ0.005,https://etherscan.io/tx/0xa19960ed71c50dafaddf3740527f3465cd9958d270feff2fcb966d13dfcd65c4
Ξ0.05,https://etherscan.io/tx/0x840b91f684ef30fea41cd040ffe35ff55789be0c7f70387a9e870fca764f174d
Ξ0.38,https://etherscan.io/tx/0x5780f9171b55fc7da0d2f63b5e0e2ef6829aa75b41a9590ab7a399bd38b9641e
Ξ0.01,https://etherscan.io/tx/0x3502b2facbe2f8b1de7ea838bb32e3f65c6ce789c8649667e4c6bacfd8b8aa02
Ξ0.5,https://etherscan.io/tx/0x16b39f8b4633258d43731a8684e4cc237e9aeb7d7a3453c36f045233429416dc
Ξ0.1,https://etherscan.io/tx/0xf9ecdedc607d57e267a3cee1352c2576f4bac755048e355166aa3543c40f80b9
Ξ0.0235,https://etherscan.io/tx/0x995d1f940d7d89171d96c091a34d8da393e59102ec9b6dd6f2c16ca48fcb5b3d
Ξ0.25,https://etherscan.io/tx/0x8aaf95f7c6ccc06e16bf5323808a030179b39d7cc1024941a63973805b855be7
Ξ1,https://etherscan.io/tx/0x56943607b21397dce52a4f4fac7e9cd1a61155b4c50b6614bf6bc237d66b010c
Ξ0.1,https://etherscan.io/tx/0x5412fddcac763ebda7826103e86801804a5ba41abe3ddf200dddf5d8bb4ea84c
Ξ0.1,https://etherscan.io/tx/0x5a2b4d1454f7665e028251f85a830fa755f3fcc1005d7520d100370e33b59268
Ξ0.236,https://etherscan.io/tx/0x350238ed516416f7086eca58fe53fd70ada60d3449430ae940592882393b38dd
Ξ0.3,https://etherscan.io/tx/0x64323ae562597a9a75745a7276dc88da2fe627e9dd6ffd38aea00df976fe470f
Ξ0.5,https://etherscan.io/tx/0x47e2d82903a50509065e2c593468144eba2e8339d9b0c574a9e93353b3d3dea1
Ξ0.3,https://etherscan.io/tx/0x43a846b6716b56e8299be2fe484d559f7dfa233b165fef68331a84e2ab1d3cdb
Ξ0.3,https://etherscan.io/tx/0xc650c19cf52bbc862a59a8b2538f766e9595759baf9fa21fb1c861d53f080926
Ξ0.9,https://etherscan.io/tx/0xb77b0eb1ea5449d71d238cfe80b545835cee3530001cf7fc08c300553a59bc4c
Ξ0.1,https://etherscan.io/tx/0x8e5e5c12425bab18860be218259bbc11c0c35c2811338c9081d640c4aaa5ba70
Ξ1.7870,https://etherscan.io/tx/0x7e85d784eeda4cdd5a08293fc02b87c6601e693529ec9843bcb7e36dd6488d12
Ξ0.1,https://etherscan.io/tx/0xca562f6a513acecf27afce18456d2ed824013d972a786faafbc0863ab7d81d66
Ξ0.1,https://etherscan.io/tx/0x3616d28fe790a2999d5e8caa3268ea43a14e66356d0a8d7362c0841bd78b3d36
Ξ0.0117,https://etherscan.io/tx/0x58a396816f9593b892475123063e080d1a782dc4c3123c6a3e8aba1e5d00b5b6
Ξ0.0909,https://etherscan.io/tx/0x7de0ea71cb6acf3f07e90604896d671aeab23199701371cbf9be15bf196a2dc0
Ξ0.1,https://etherscan.io/tx/0x6f5e1279b3bd94492c9e1bad8a886365ffe5f0b23321c91de2faa3ddb65f138a
Ξ0.01,https://etherscan.io/tx/0x1cba503b2249be6025d1b3d88ed2165003c73f0847cfb8c9710e8a4d1db59516
Ξ0.01,https://etherscan.io/tx/0x4e05a4bcd87949803d6b77e411c3d3248fcc7cbe92bfcfa1128b0e76ded3dadf
Ξ0.005,https://etherscan.io/tx/0x1092520e13f6499e4b0b2fb5d1d5f08e0a5c16e89b5acf9b84832114bea49e88
Ξ0.1,https://etherscan.io/tx/0xfae89e1b2cad9e94bbdf456acfefe2b3bf406066697ba694e530f3379555eb44
Ξ0.01,https://etherscan.io/tx/0xcad9121517be4051184746171ffb4bf28c40e2bc4ba2878933dcb12a5dd3eb24
Ξ0.21,https://etherscan.io/tx/0x70ae1530004a8784f2ac2071dcc2b1ba9f7de31368601ee669d9f3bce238c93a
Ξ0.16,https://etherscan.io/tx/0x230a9ade294830aca69d5014518797dcd13e7cf61441fa98f0cbc354946b8ebb
Ξ0.01,https://etherscan.io/tx/0x83e06a5d1bf5abae9053f42d3b5120e5739b6f134397e2a7e371db97294071d0
Ξ0.05,https://etherscan.io/tx/0x85766b9895cc3118190f7deff79a966bc03a33536d9e317287ac6d7bc4510cb6
Ξ1,https://etherscan.io/tx/0x709462c7c83162512b0a031bdb87ca10a20d3b79551b9d2bee3fc0aed46b61c3
Ξ0.05,https://etherscan.io/tx/0xb87c740949f8849d7905957be2fcd62277c429103c077c21707d926f274d18bf
Ξ0.0473,https://etherscan.io/tx/0xbad6e637d02b9496d4f3a64642f0d0a2d98688bdac804f7c5ad38c4578a1a7f8
Ξ0.3,https://etherscan.io/tx/0x322d85a102a7864602af5e55d5def6552494bd37ff0a4ac319473863dbefcd12
Ξ0.105,https://etherscan.io/tx/0xe9a318063a59f2d11926eba4bfb8b5f885fa60f6015346b307cdf5e7cf03826b
Ξ0.25,https://etherscan.io/tx/0x4fdfb3d92cbe0379164db781051828fc7477f7ccc5dbe72a4704ef75bce60239
Ξ0.32,https://etherscan.io/tx/0x43294359eb3a7759558ae689b3b175f135576509c8c6d3d01c34ee8502c63020
Ξ0.2,https://etherscan.io/tx/0x76aa5cafa3dd95ee9bd03200fe3c63636668d835b1c89b5e421778d57e1459e2
Ξ0.05,https://etherscan.io/tx/0xc1dce81593670f17a9f738572dffbb166ecf3b06b9942de9f79dc7ab0e437a3f
Ξ0.08,https://etherscan.io/tx/0x48411052fae2b9c86ebef8f4a5772a025ddea7796a0803d59c7bf530425c64db
Ξ0.05,https://etherscan.io/tx/0xd28d91e112b0b667e6c97a1c1026e6ace741822516a2b134087acdbe74406e9d
Ξ0.05,https://etherscan.io/tx/0x80612bf733d9845359a7ba289bbcd770ad7702610e0b01fb8e1a10459592e5af
Ξ0.013,https://etherscan.io/tx/0x52fcdfe6c8928f89f235dddb4df876eaa9feac6e7db900ffe2bcf4a38c3cfe05
Ξ0.003,https://etherscan.io/tx/0x373f02143eae6b803d7c9e1fd5d685deb7c2eb15f43aacbcaf50f98936cd42fd
Ξ0.0799,https://etherscan.io/tx/0x72a80c00f206a647830dacc112c895350695ffffedc8db06a83f8f3df27620b3
Ξ0.0178,https://etherscan.io/tx/0xfb7e72849f5ae708ba43f2b533b6642a770780e3c65e02a342caddd682fb9d79
Ξ0.0087,https://etherscan.io/tx/0x8f2ebb6f9d5ce3e6bae4521dc0324422c3b254672244b648628b5dee9d66f356
Ξ1.5,https://etherscan.io/tx/0x1c0b4cbfd2e82c632789e22c37a93b2aa83bd1facb526e950b021266139560c9
Ξ0.1,https://etherscan.io/tx/0x0abad013472eeaf3e555f9202066a0a8d2ced7a18f8595fb7d92913678d16dc7
Ξ0.0470,https://etherscan.io/tx/0xbf6509b5028ae2faa9c5fb54691793cc4a53cb5fec441a47ce2344502410bbd4
Ξ0.25,https://etherscan.io/tx/0xa3c86f5885a3f69daa09ef2f32b739dfbe47648e15a1ff687ab2887fc1b36f04
Ξ0.005,https://etherscan.io/tx/0x8c6e18f8aed243daffeb26185af9b3f551b41e474bbdc1fec65598da378a6b8b
Ξ0.02,https://etherscan.io/tx/0x843a8b88a0d38176c871e2f4640bbbc710573850b2994ba37e294dffb89bd1a3
Ξ0.2,https://etherscan.io/tx/0x8041d3efc9422ae3a08b2f050b9fcb47965bd93bf7d6266ebfa9aa884263eb52
Ξ0.0470,https://etherscan.io/tx/0x4bc28712f39c78e44836ca705d6491195561c87b6c77c5b05f583b49e05671ec
Ξ0.0082,https://etherscan.io/tx/0xd656cfd1769eb8ed4efe0f6ffc7d6a58beb3570a8401705fc68b633aa4696c6d
Ξ0.2,https://etherscan.io/tx/0xca0a598857baac6f1b1bcbb574b782d300c7f823759c287ea5dc537d63603028
Ξ0.98,https://etherscan.io/tx/0x6a9e530178d93bb26952bd3bba66ec9392e5447ff078b7faca36853031a92c4d
Ξ0.169,https://etherscan.io/tx/0x9a4535e82d132918d9f26f3e89238f80787f9886fe8b7c273209ec8e1263963b
Ξ0.03,https://etherscan.io/tx/0x85efeb6aa8596176b71dcc64c091a78af400578c24817b3deb97b17f22bb806b
Ξ0.1,https://etherscan.io/tx/0x70615edf88595c09f526e4b57a2b261e2ae73a6857ac4ad2a33ac48679f37e2f
Ξ0.1,https://etherscan.io/tx/0x0a425d35c6689e13302629d2d8386a7bfa19aa1b46397527dda24b18bdabcb9f
Ξ0.003,https://etherscan.io/tx/0x7259c991ae228025bb58fb8bce07f58b872c8abff2da38f976e70bbfae63d70a
Ξ0.2,https://etherscan.io/tx/0x38c8387386cf1afa892f820d9a2ebd1e64e8806c3704587d369b336583e55dae
Ξ0.2352,https://etherscan.io/tx/0xa76782fb2750f7d409bf32184f42d8b188114ae0f0f2b0fa4bebf1671daca235
Ξ0.1,https://etherscan.io/tx/0xa6d5e02de553fa7cd512e1c798ba00e848c1675cf3f076d457c4a68c9233f78c
Ξ0.05,https://etherscan.io/tx/0x7f3602f25c685a4b68d30e47f43dfa99f06c54e2f7a818a25e7b24cdcaab600d
Ξ0.1,https://etherscan.io/tx/0x55fc392c975cf235d699dc43e397860c1d1467a9dcdc3a060e1504d725470de2
Ξ0.01,https://etherscan.io/tx/0xf845a46519bc689fe4713cebd41a930d1e700acc094b2a620f6f35a94bca9b76
Ξ0.3,https://etherscan.io/tx/0xea02d8e659aa9fc0581aca32ca40d1a6eef21fee84c9c6430bdbc0a2990aa552
Ξ0.1,https://etherscan.io/tx/0xe6e8a4bc4f086b82691f0d2e38fca1193a1fa261e37c7cfb5c198f9e60a04ae1
Ξ0.1,https://etherscan.io/tx/0xd912c074f338771ea6b21b5ea74e9c1823f0ed29dfd99d341a9a177143d6708e
Ξ0.1,https://etherscan.io/tx/0xd9e2d7f3d79d2c71f328afa4916edaaa697969728be6de208b36922f6ac061b1
Ξ0.08,https://etherscan.io/tx/0xbb3a02defd02777228fa21d2dd8aa9596a863237d977901886ca231644c6fdea
Ξ0.0117,https://etherscan.io/tx/0x985a7ad351393b6b4eefec97325cd9afd05c5bbb5e73f08d84bc2a93c59fcaea
Ξ0.03,https://etherscan.io/tx/0x84e03ac8ed0e66343b694da385a5beeeb1f0a02971c04543727f3df597f1150e
Ξ1,https://etherscan.io/tx/0x576e2c28b0e48d1d3e1343357ec6cc75129bd7c805ed292ddbbaa1f1698bef7e
Ξ0.1,https://etherscan.io/tx/0xef91f5459cccb5f09eeb6af5b78252b656d4cc9451119aa40992d0ac619d6258
Ξ0.05,https://etherscan.io/tx/0xdc1add7bad94f6aaa2fdaff00653dc8a9fd6a0e58f03567df40e0e8e0c5c446c
Ξ0.5,https://etherscan.io/tx/0x2dd1a54c3a780a66b39675a9c920ead6ea1a9cbf1cac876d5ce148fe763039eb
Ξ0.004,https://etherscan.io/tx/0x926df5435049758bb29af25d1256bf3ac4ca026148ea5aee33ae639941b35bc0
Ξ0.02,https://etherscan.io/tx/0x6e00ea70268f4f5835f6c8bf83ee4cb019998fa665186978cb8fb5b5a3910d94
Ξ0.005,https://etherscan.io/tx/0x4545c570efdf037a36d68b5682733d343b87ba872e046bd79a8da6f169bb2d68
Ξ1,https://etherscan.io/tx/0x2c3954c5564c6650f2354c72b69a68ce9badcd6f806c21bc2a6c56d5e92ae4b4
Ξ0.47,https://etherscan.io/tx/0x12a08c3ec45c8de5d563781a33d6251cb8d6fe23c9200ac680a1d6d34b50e070
Ξ0.05,https://etherscan.io/tx/0x88a6a29a078ee96ca48e1421524f5dd055bcaa2bf47911e00472a464b637da39
Ξ0.096,https://etherscan.io/tx/0x6dcd98e12d47a9068d3c727bf0841b2b55a66f2b4587470148ae4726da106a59
Ξ0.1,https://etherscan.io/tx/0x82aef6065b4ef2300439f75186e0b4f1f2d62e90fe7a7001e15593190d2197fd
Ξ2,https://etherscan.io/tx/0x013b8b195989537b24fc99b1016d2af0e351ff9e279f38979b1d7b00ec0ccb50
Ξ0.05,https://etherscan.io/tx/0xf08a2f6cbf916a77a12a6a1bfe1bdd17305b7a58e70746095c0100e2c3a6f47c
Ξ0.22,https://etherscan.io/tx/0xc43e532c9e3508357668a74c7f774310c55bbd81242e309e65bfe2990f70eadb
Ξ0.8888,https://etherscan.io/tx/0x06751fe1db7e827ebb8c86af4a2bfa2c576a3598e44595bc895680bfb14d8783
Ξ0.1,https://etherscan.io/tx/0xefd39abd2f1bcaa234f6e8c7bb3752b95b0bfa2d29d2229d108f770a03448924
Ξ0.05,https://etherscan.io/tx/0xe7a760a820b798193713de87a3fc53a45e671858a56f46cc75d061bf40001b90
Ξ0.1,https://etherscan.io/tx/0xca61d4fa6e7a5f16a9b6e41bd601929df5913dfbd33c4f3dead71b6d6c2413e5
Ξ0.1,https://etherscan.io/tx/0x6e4974be8d5a9040b607d71d883984351f21cd9dce7f8ea620ce52b539ed38ca
Ξ0.02,https://etherscan.io/tx/0xf293358cd9c00e910ca70183548ae5259d962e55f4cb76a29518c9a314ddcf41
Ξ0.01,https://etherscan.io/tx/0xbe4eb440d315b8b732b4f02932c11da111f1e43c994ef552b2d371de512cf11f
Ξ0.1,https://etherscan.io/tx/0x74998e1dc0aeb144449fa48dbe039a8a6136175f942dc00b6265e5d04e931f07
Ξ0.05,https://etherscan.io/tx/0x47585a2c0f286b18b414c1177d9ab06e7075114f470d4a01b517f2f3df708930
Ξ0.1,https://etherscan.io/tx/0x370fa0eff95a0fa601457a265b653ae6195e1881f571aac361da21ccf6724bb3
Ξ0.001,https://etherscan.io/tx/0x7622229e6e4b7132d7a502e0f23e0f1cef9ff7416dee03fc32fe4e79b29addc1
Ξ0.25,https://etherscan.io/tx/0x73d09e9a037ec608cef9a035997f029cc9c58fd6032393fc3721e7802fff8935
Ξ0.1111,https://etherscan.io/tx/0x5d076184ebd00cec4b86d051c42904f02d3aff779134ab829673817d6907a727
Ξ0.005,https://etherscan.io/tx/0x49b6fe9579e174438983ae64525606fe85e3846783e35bbb3914647ea7503cb5
Ξ0.1,https://etherscan.io/tx/0x47ad56130d4c327651ade3ca9dac574cbdc460eb639a05e6371b89f53991066c
Ξ0.1,https://etherscan.io/tx/0x409bac9cad67e43d520b6d61631d2a831970d97ebd59230ca489c014f4995c6e
Ξ0.0002,https://etherscan.io/tx/0x58109453eddc73a0f055a3b6eaf02e864bef4bc3cb5f9f9ac525b0f05c0686da
Ξ0.1,https://etherscan.io/tx/0xf8d2301f15257d6b23b4f53db0bc8aee41b84c2797dbe2caf55d928d007ef25b
Ξ0.05,https://etherscan.io/tx/0xf30db7fcc656e601352d1c72c928d79eee392326b63a3cac7437bec80f85162b
Ξ1,https://etherscan.io/tx/0x89aebb93738e93a78e8ff36515a279f200c771d38c99cef7e8f52b8ec16baff9
Ξ1.25,https://etherscan.io/tx/0x4ddefc29fff99390cb8e81bba25c9c5b746415f353556ede64f763f46cd0e8ed
Ξ0.1,https://etherscan.io/tx/0x4009d8be80a5ed27af79efc1fd079c3f16e0ada5586034f7f131d37684da8ce6
Ξ0.002,https://etherscan.io/tx/0x2b85e430865cd1fca964cc11534bd3178f113f00aa31bf018ad634ad5b4aa885
Ξ1,https://etherscan.io/tx/0x6e7cb093743315dc74191de2907504c6233a925f3efd5b9d93706e88d06a1c2d
Ξ0.2,https://etherscan.io/tx/0x404aec806f990b018438fb96a3625fd795ba91e2d597788f8aa5fdb473992f66
Ξ0.0333,https://etherscan.io/tx/0x2d7f65d3f44829a66f58038fd3f38ffcffb7463ee8393747d8099582d050398c
Ξ0.2694,https://etherscan.io/tx/0x21e4e1817077fda03510903b59f7323ffd1932da725ba282c606902a650ebd0f
Ξ0.01,https://etherscan.io/tx/0x465483988f94c9121e70673053030d2463d990201b2631c2fde1ee7eefa05b8a
Ξ0.1,https://etherscan.io/tx/0x4024c822ffd7007f04356f8143a454a0d4f01f983a759edb593926f3e10f0ca4
Ξ0.05,https://etherscan.io/tx/0x4834dcc12e15003ca63139dd0aa61c9d5657e431a239ebc6f5f9fad890d1509c
Ξ1,https://etherscan.io/tx/0x24620d3c1a0052d3bb42c447717dfef9dede8f2d69dabc94cdc911bb29c402a3
Ξ0.0123,https://etherscan.io/tx/0xa57a33c7fd2e0e4763b21ade892e0559391855943f5654fee2db5db5637b2fee
Ξ0.04,https://etherscan.io/tx/0xd7eec1e8ef42d840622f72bf1e831e2bbc9bfa2c1e3bb4d7a310889b854d0c79
Ξ0.1,https://etherscan.io/tx/0x6489dce746d63faaba21c1b7737630ac47bd34cb0abaada1c6eab1420d456c96
Ξ0.1,https://etherscan.io/tx/0x125a899441bfa2156232e29fa4884678088db5c31902029934e6e20571c763ca
Ξ0.2,https://etherscan.io/tx/0xece5a7d7e8c760b500e9ee4e1713d815e5b7fd8a4a1e3244c41ce055d81bd3dd
Ξ0.0178,https://etherscan.io/tx/0xdc02bf6fa6b7c4cc5e68a00ebaa104c715697e5fd9b8ee71e72f1fb756461ff5
Ξ0.21,https://etherscan.io/tx/0xbb6b30e532634ee19dce8ac35c55a5484ae2097993ec917409dd8fe9e12cca7b
Ξ5,https://etherscan.io/tx/0xafd0f42813f135f06d9cd03a47c65d08427dc55b5d0fb6f1e664e02a165e3e54
Ξ0.001,https://etherscan.io/tx/0x6d7e811149eecf184fe1ad1e14e292d0d2adfe5bb3128d32b9c76efc4386eaff
Ξ0.01,https://etherscan.io/tx/0x4c15aabe4a65f69fde4cabc1cb92836940274a5851946d068e22d333214f8397
Ξ0.02,https://etherscan.io/tx/0x2778930e9d5ec4f9ecdcb538adbd08c93366c9871ca4d9d0cfe1db586894b767
Ξ0.0123,https://etherscan.io/tx/0x15f98458a24364047afce85aaf3b027f0dc80512fba8606b6957a51f66dd6b1e
Ξ0.5,https://etherscan.io/tx/0x0332b95376c53a150cd763e54967c8ea9a96dd340ce8dcd0377cb94a4eb5e913
Ξ0.46,https://etherscan.io/tx/0xf084558b53ad33c1eeb96304f20f383b54c937abedb1424f2c93c3993172eec5
Ξ120.4,https://etherscan.io/tx/0xcf9da5ce5753df0b2419b2c1b52555b031382bd87c31817daf24f61de997b5d7
Ξ0.1,https://etherscan.io/tx/0xf68b3bc969316b0d9c9f34f6e2bca896b2f17f378c0959a42df496b295137a88
Ξ0.0235,https://etherscan.io/tx/0xbb267febec3d4068e20a2c8c9e52f336598b5cb4552775a8094445718f54ae59
Ξ0.015,https://etherscan.io/tx/0x3f0b3f200469bfcd86f31762255fc59f1dee4578228a6f185bb3f11b82af303a
Ξ0.5,https://etherscan.io/tx/0x75b41d70fa80c5b9997c1169b45613efcf904af4475b2cbfaaef709858f58f67
Ξ0.05,https://etherscan.io/tx/0x118c18c58b57ec53f5046eb406a7953036521c0f7ad2934b3da91d46135cd2bb
Ξ0.19,https://etherscan.io/tx/0xe653701325913941991b81e2e9508b311f65d0bc6bce0ec1ee1ac56e5d0eb415
Ξ0.0017,https://etherscan.io/tx/0x79fbecd0307a619d131b1cc91029fb4cdaed4e8a7635b22490ec4abc5774e558
Ξ0.11,https://etherscan.io/tx/0x2d5027b815a9ae17752bec74a3c43459fb020bb2fff7486794935bee1a18f7c7
Ξ0.1,https://etherscan.io/tx/0x1ab645d538d62a2c2bc2e565026c09f4ca23321d188d2d3e49ef2a90b73867b2
Ξ0.01,https://etherscan.io/tx/0xeba42589177119094706998d22577449ce9b113d1dc35110f8efea4d1a7c6c67
Ξ0.02,https://etherscan.io/tx/0x634b4e386547e9d942571f8f0ce823580135ed032d9a91865c2718de94a1845a
Ξ0.04,https://etherscan.io/tx/0x468250a496533a4aacfeca284b2ad30396d8673b11ad3382ee7d1fce9a289be8
Ξ0.05,https://etherscan.io/tx/0xf425e5ba0377d19d76819eb0248f7464532157dec52bae811375936a942cbe52
Ξ0.2,https://etherscan.io/tx/0xdccdfca4037fdfcbd22792b0353990172897cf1b2ebc41890a7db212ec4addf8
Ξ1,https://etherscan.io/tx/0x8631fd30ffd0c215933bfaa4ef5f027fd837a4e937cf05e54964243271ac131d
Ξ2,https://etherscan.io/tx/0x853d474ebadb69e3729617160346c5d85c9b42ad6d29327766c52b51f3ed623f
Ξ0.0178,https://etherscan.io/tx/0x471030b86ecdd36b9295673b636109a996bb10068aaf3a60f3eeb34d25264884
Ξ5,https://etherscan.io/tx/0x2d35f61be0368cbdd94c2ab7d7fa0d6355e9dc7ef40879d66f8888ffface24d5
Ξ0.0235,https://etherscan.io/tx/0x10bcb8b8f4f371a6ed5532405b56c45331e0e37893058fb8fdaece349365dfa7
Ξ0.0235,https://etherscan.io/tx/0xb8cf8213f3916e939638b914494cf95a41a875a2fc51e200dc16769b67435eb5
Ξ0.0352,https://etherscan.io/tx/0x935b93e6f12f709b9a7272d4f7b05cbdc34201ad10d4190ddcdb4828acb18db3
Ξ0.0099,https://etherscan.io/tx/0x799014f9a983874592155a82421d37110a072c3646cdad84894e263cff2caa28
Ξ0.5,https://etherscan.io/tx/0x077a6f0905bc5679896dd39da778e1e899cf23a5a9339f9c6e223f0dea4df919
Ξ0.02,https://etherscan.io/tx/0xd8dcf0d92de191145c4976a3785157968f491e27c12e20602ab65e4232b9c3da
Ξ0.02,https://etherscan.io/tx/0xbf24e0ec788ca5267b2c2359c8c9e3d29c8d0ba19c8f1bf6c2dfa853af6a2fda
Ξ0.0110,https://etherscan.io/tx/0x8c6bcdbf187ef1cbf7b39c4cdee015cc55a417668dedb2aba7ce339aa92d2fae
Ξ0.0178,https://etherscan.io/tx/0x97c0867b6e1ad557f09d616530b38122eb4be721a3962e608e15af5cf81ad7e4
Ξ0.02,https://etherscan.io/tx/0x5562d012013ce58b5900405462379b4b9d5c5b785d703f813230388e5f277e2c
Ξ0.01,https://etherscan.io/tx/0xa22cf6d257d37030799d9b481a053fc3a2714b117fa41e88e59f9507ba229dc2
Ξ0.3,https://etherscan.io/tx/0x6bff2fae36d1777743004c5a64b05162b7d3ccc982d3583579ff6c3fa2be1261
Ξ0.15,https://etherscan.io/tx/0xa0c1dcee4b1f884bae626e2f081088ab41e71dac09de7ae8363430272e5c3886
Ξ0.28,https://etherscan.io/tx/0x9bc75aa61707e27ca1308953681d7c45548c0e9868f9c162de63d021fbd0121e
Ξ0.9,https://etherscan.io/tx/0x909a60e3e95390791ad2280c8d3502e45d9675ce3b9ce2d9e4be753e1d673c17
Ξ0.01,https://etherscan.io/tx/0x67200d71251bfd40196279cc60a17425edf2207c9c74f864142a5cb189cedb76
Ξ0.02,https://etherscan.io/tx/0x5748b9f3b62ae61d802375235758bab5edc19d7ec584ba065dbae0a1daf517d0
Ξ0.05,https://etherscan.io/tx/0x1b8ba99f337a4bbe33f7330cd00abe822ec474cc2edf17ec6bf4f4377f61fd38
Ξ0.1,https://etherscan.io/tx/0xc5db8ad1c8932d1993304bda159925799b39ec572b2d1cd8fe6a48938cd56536
Ξ0.4,https://etherscan.io/tx/0xb29466baff6d19d5aa1f4705d01c725fc2f174ce518f6841f60b21b541aa1fd7
Ξ0.1,https://etherscan.io/tx/0x7f0f4fe1c9b1b97375d456a57468b18573092f4d8102c6464a62e917454d7a72
Ξ0.01,https://etherscan.io/tx/0x6bcfb047487d6b845bbb021390bfe8b7500bc32ebee3351d7cd948ce10b0b01a
Ξ0.1,https://etherscan.io/tx/0x5ff66dc964960fa20804757c150a0891d0ce2076afa60c3f15bc580e6f25ef95
Ξ0.01,https://etherscan.io/tx/0xddccbcc45657dd32e77a9c72d251c03e9239d8c19d5ebb60d749d8b8576e97c6
Ξ1,https://etherscan.io/tx/0xd3066d1d20fdde71d5ea2336c3389eb3d061226ef66cbb765941a128d1fada49
Ξ0.01,https://etherscan.io/tx/0x9c4633e1639df1722736048c1b3579395ed3de0db0a440e881d4a35bae1bab24
Ξ0.7,https://etherscan.io/tx/0x597fb9fb4bf104a55b283c49fd77df9bf1fbe61d6719db7edb930ff3d4a19adb
Ξ0.1,https://etherscan.io/tx/0x5887567124cc0cc8a1cdaef80bdb96b42b1881dfc69c70485b18b4f7dcd65401
Ξ0.1,https://etherscan.io/tx/0x10d5a0dd1e73a6a185a4b5999a3a741930e7cb18d5ce61ed6ee0b212491d27ee
Ξ0.3,https://etherscan.io/tx/0x03d680751c1b749efae656f1c34675bfcebc37b08d6adb4e38c342d4a0ef5e33
Ξ0.04,https://etherscan.io/tx/0x0ad3f9e88583854164d75f6595d7c1c917236814fdc121cdea695e1cf8684394
Ξ0.05,https://etherscan.io/tx/0xed8f44bde39afa460621fa299a9604ba25853ca4b479f7ffd71c3f4eae9be2e3
Ξ0.02,https://etherscan.io/tx/0xb03327b9e3a238ab938ce47b48d3eceda869f7d7fa3645173b5acb484c0f0ee9
Ξ0.01,https://etherscan.io/tx/0x9b60c7fa3f2254437219db9277084e30500cf5aa05cac4374056cbf7c312a3eb
Ξ0.15,https://etherscan.io/tx/0x779ddbc253b973c01cfe9c020b8e8a9ce49fed545ea5424bb9c890aaedb6909b
Ξ0.1,https://etherscan.io/tx/0x6fbf8e69aa3f8630218bfceba513732138805ddc54f498bff510c81a9b5b67bb
Ξ0.1,https://etherscan.io/tx/0x1f2491eee175f59d4e390e77f0330f35a42c0e84c051252c38a6476a053d8550
Ξ0.24,https://etherscan.io/tx/0x17adf24bcb8c6e540b4f3dda0d1a930f1dab9820d0badd8a3a73940051f7eb28
Ξ0.1,https://etherscan.io/tx/0xc620f5c6ca2231cbd1a4cf3985f1244bae4824d95f3c1335b97fa8720e1f9af7
Ξ0.052,https://etherscan.io/tx/0xb5c539a9a3afd78772d4fd70e330e77acc28c9dfff31b6990b7cf2a79f71bf6c
Ξ0.02,https://etherscan.io/tx/0xa298bf9182cfa6c77bfce4fb2ec79d454c3ab78c143738845828b670909df5f9
Ξ0.05,https://etherscan.io/tx/0x55fbd60cd79f6efbad724c27774a66a913c41169109fc4f3807f3455e34f6f4e
Ξ0.02,https://etherscan.io/tx/0xdef3cfd8a6c57f86cd6a2a2a7a52965e9e97104537d6f66e9f3ebb3e5f58d71a
Ξ0.1,https://etherscan.io/tx/0x9417521fa67a57094d171003448a865fda77431b8ac3a4cbb0e37af4c00355b8
Ξ0.1,https://etherscan.io/tx/0x057f4d77b80f069589974a43add1c0cede109fec1d0373c6f20f373428ab6dc4
Ξ0.025,https://etherscan.io/tx/0xd1e9553ade0b03498109cf7c70ef35efd9cefaa20ae09919d497f9b2659ace8b
Ξ0.0028,https://etherscan.io/tx/0xca42ebf569a34be5912ef4c12a8a5ad8fc99832ab3957dcda181e86edeeff45c
Ξ0.2,https://etherscan.io/tx/0xb1b7b518fee202eff9b6d4cb689c33a0025fc7cf950b77625d1e367f0bbd3b8f
Ξ0.01,https://etherscan.io/tx/0xa077cd859ef3da59d987612ab9d557345fdcbdcde6cb362298c373a94b5535a8
Ξ0.2,https://etherscan.io/tx/0x9cdb45e90ec8e3de90e5f170761e5aa628236b2839286f51b5aab537d891c6f1
Ξ0.05,https://etherscan.io/tx/0x96acd6e310ca0728681947554b3ed84d554ad23531ab0e9a2dedd393bcac99ff
Ξ0.2,https://etherscan.io/tx/0x1dff2c60b321adc9b29cf4ad7723c5aeb982f17c17837d2c0978de06034522f8
Ξ0.01,https://etherscan.io/tx/0x199e06fe18fb02fd5b73ba16aeafd09826080b2e05ea3f5332e1948c59c4c892
Ξ0.15,https://etherscan.io/tx/0xa12b66e8c64ee2878ebdc41c03d2777d4e3a119ba03cd20c7ad3065e25064111
Ξ0.1,https://etherscan.io/tx/0x4c0ff9496f284f8ba83e4ccb81e507546c87870e597629c91798221f99388c86
Ξ0.05,https://etherscan.io/tx/0x3a61d7728d700906eb66fcadace3645788635ecc251b7df0f930ac13ddc44828
Ξ0.1181,https://etherscan.io/tx/0xe1210ab0c1f0bd267794c6f05f1b57bb169ab754fa026ee8aaaf58416000db3c
Ξ0.05,https://etherscan.io/tx/0xc2960adb78f6a9362e88622fff7e3d757962085aaafc430f616cb20b754df8f9
Ξ0.9,https://etherscan.io/tx/0xfc9f67f3dacc1d6d7f1b183cc7c2af70074170396de67057dee9a523314741ba
Ξ0.025,https://etherscan.io/tx/0xf0e9f1da7b3850463af61431c12e81b1ba4f2015f32f05b150a687d7ad32d3c3
Ξ0.4,https://etherscan.io/tx/0xea53dea8c341dfe7bd5f084d0015160310cd50fbebbe1ba6865ca579bf4e170c
Ξ0.1,https://etherscan.io/tx/0xa208595d660f7a1b00d2e86b8050624ef3fee129064afdec15f3aa30385c0d9e
Ξ35,https://etherscan.io/tx/0x99414478a74320d74036cc1c0b0e6223a24cd71c663565e161acd43b06f898c1
Ξ0.02,https://etherscan.io/tx/0x98edb4bd1003a1045d4f923286a5412b75a76476b3523758ce59f6f4fc9e703d
Ξ0.07,https://etherscan.io/tx/0x1f194e7abcffafe0b2a3a4a1a9f74c223d15054cefe1e6fcd84473c8917a1f5a
Ξ0.001,https://etherscan.io/tx/0x1059363edfe29a632d9fd417f0b3f3a825932d8aa514933de236e912180c82a9
Ξ0.0235,https://etherscan.io/tx/0x043955732a5be216e45035e4d21cbd4d991311a7d47aadeb434d752bb0079cd6
Ξ0.2352,https://etherscan.io/tx/0xeb77126958b43db567dbb621b69a2c66e1a8ec778292521585dedbef343a9fcb
Ξ1.5,https://etherscan.io/tx/0xb22b4b5710e7cb5db743c53ccd8b41157afca42bd6dd9ecb9a316b45ef34840a
Ξ0.01,https://etherscan.io/tx/0xb20bc0f890435face07d79d81041ee1a8d145ccb8b9a24b768d6709897d4219c
Ξ0.5,https://etherscan.io/tx/0x8da62fe63c22e141e0c9b7305e5f98a7ffdc8ca9af361e7e0ddc51560e5734ae
Ξ1,https://etherscan.io/tx/0x856ae8acfdeacce5583935575e568b71d4716ac9fd56d6378781f01e7c799b60
Ξ0.05,https://etherscan.io/tx/0x7c43e1636d3df7bc66274f15fcaa8398abfdba4bd80c419bdff1abd084eed2fb
Ξ0.5,https://etherscan.io/tx/0xaaed924121f8f3edb257be7633178fe7b86f2b2d4ed1a33b3d55d86bc82af821
Ξ0.1,https://etherscan.io/tx/0xa33584912bdb47dabdf12149785062f62b6770d9a1f9d85573b2ae44157415ef
Ξ0.1,https://etherscan.io/tx/0x16b30fde4b5583a19043ba6d88962f7ad47516b7040a752b37899cb0b5f8e49b
Ξ0.05,https://etherscan.io/tx/0x7dfecf7c2b042cd9b0a96af95fb1d0727d88121dcdf19985b33ff213f8f802cb
Ξ1,https://etherscan.io/tx/0xf5d7d102d10072dcd1010c4063332c0e2401c9d86fcf82b2765f5d9ad86d5c48
Ξ0.01,https://etherscan.io/tx/0xe13844063d073a0c6bf5603a5d5c5325e8b750e78f7f6a0a0f29a8048f7b7053
Ξ2.5,https://etherscan.io/tx/0xcff39fc168c92dccd125ddce40fdc4810f25fed8a999e8e0caca084ccf8cae70
Ξ0.0235,https://etherscan.io/tx/0xb6846d9f0c57238ac0588fabe1020b69be9ea75b89252fc049bbc59df50647f9
Ξ0.1,https://etherscan.io/tx/0x57fafce3a6f911a70fdcaf4b51312e8e1fd0ca6f3c435a8f63d2bb41c9c8698b
Ξ0.1,https://etherscan.io/tx/0x485c6c6b26e77f7f66bb0c0082a15b57796cdba40c513428f23eaf708afb5e00
Ξ0.1,https://etherscan.io/tx/0x35417d639788a5f57dc7b67a8f9bc6d827270086227b74d8b8190c8e6612d2c2
Ξ0.1,https://etherscan.io/tx/0x0eae1683508ada489bf22474c8c7d7ac49b0addf515c07fa0896f717b49dc9d9
Ξ0.01,https://etherscan.io/tx/0x0c23a5e2268f688767c89b772e0853ad016028fdc5d7199b3dab4727a197e8ae
Ξ0.0411,https://etherscan.io/tx/0x9b597809e14e05da764a0c5386238f314954d2f92f78630f984172a0c617b455
Ξ0.1,https://etherscan.io/tx/0xf790d330875c375fe4c0430ae6f881e816feb76f4a9f6d5d2b2152f6cedb5eb1
Ξ0.07,https://etherscan.io/tx/0x9001983aa339a13d09900a6851143877f4cc1924292dc2da70017ccf877bdd0d
Ξ0.01,https://etherscan.io/tx/0x55ddbd596fcca0e204116f1cd289f007a1949788b22d9c2ea1025f85d7924309
Ξ0.1,https://etherscan.io/tx/0x779c56c8966543df303e5f58424f0c1e19cee18a1b2eca8807715e6ed04f9636
Ξ0.1,https://etherscan.io/tx/0x74602e2290981a57cd9b749f5da588a4c669175e5a40ff512499f6797ca3ca68
Ξ0.1,https://etherscan.io/tx/0xdfadde2e5b499c5004a79d4f2a76c30332e58ac2997ce4daa5c812445e47a3c8
Ξ0.085,https://etherscan.io/tx/0xd3230967d1893e6881490f27ddf6f982cebdb430542c3885954971a6196259f8
Ξ0.122,https://etherscan.io/tx/0xaea4f30e7c0ab42795cacf8b2576bc35bf99b814b14bd1c9b08a798efb877aec
Ξ0.1,https://etherscan.io/tx/0x7e15e986e3ad21b97431465b53655c39602cddc3f77fda861a24797d3976b05d
Ξ0.01,https://etherscan.io/tx/0x7b1a566f1e9d8b26ce23145fa5cdf1517fc81871a1064c1a715f143bd046173d
Ξ10,https://etherscan.io/tx/0x27386f40ad318185e02e670c9b0ff280afdf6b6c9b1d0bb857d6b428eee4b751
Ξ0.1,https://etherscan.io/tx/0xf3ece29eeb72baa36548f94266608ccafce6e98d0965273008cb95bb09fd7837
Ξ0.2,https://etherscan.io/tx/0x13e353f845669131d876b200d664b1725d9258656a1e922f06c826c99f9edf36
Ξ0.08,https://etherscan.io/tx/0x0c19d9f72e6f9de4f904c2a4aad00c200880de9c1a8cc00e43998d62bddafa89
Ξ0.1,https://etherscan.io/tx/0xeb6b59877db62d57725067f18f6658170fd2ea0dff0c6b2fc8a29a7093b47aeb
Ξ0.1,https://etherscan.io/tx/0xb256439d63a646c2453440482e2f8bc999e45188d7cb54ca724705228137dff1
Ξ0.388,https://etherscan.io/tx/0x91baf28b62763e52537ee8de24b40b98a85494c0f590c716eac673c93f99ff29
Ξ0.2,https://etherscan.io/tx/0x7ec38d19dffe275c97ad3288a3a7181d9c154de5b29350f4cca369115f6562e3
Ξ0.1,https://etherscan.io/tx/0x6887d71827cdd7accc3c147fecf9606dd7f629308e4ed570fda4ae92d89c39ce
Ξ0.2,https://etherscan.io/tx/0x2a43317ef8857f666098f762c99f5decf6976654275a150cbe65565d00057e9c
Ξ0.1,https://etherscan.io/tx/0x129c68fec5a0a2138e903c081cbdef05ba99acad7f5a392d9bd2a1c8eacbfb8b
Ξ0.02,https://etherscan.io/tx/0xf26e723d2d896421f72efb4e214463de39d10927d800ebacf018ccd38fc5d4d8
Ξ5,https://etherscan.io/tx/0xdf9bf25af6e2dc0ad290e824fca1dec871a1591bf16fc74bffa15cd3304feecd
Ξ0.25,https://etherscan.io/tx/0xba99d0fc365fa6d2d5165bc23b83d33b7e83793297551721a92c1eb6cd011991
Ξ0.01,https://etherscan.io/tx/0xb4d19bc19ff173a6690bb9cb869d5741e181248d762d4278cd84515685b61bae
Ξ0.2,https://etherscan.io/tx/0xa872408fce973c6bac1990e6301c758082e463d2f677a6e63bd1aeb79c392cb3
Ξ0.01,https://etherscan.io/tx/0x718e77d0962ea163f20185d1abe5f96d97ba6ecbed72f1fe13886dcc28f81e89
Ξ0.05,https://etherscan.io/tx/0xffed857e2f3e6831a74eb6842844d5ae1a7a06d6cb4452e2cb4c847681104ce6
Ξ0.05,https://etherscan.io/tx/0xcc9cc5248fb3d9bba32042441093f3e6a86e48eb66db779821ed92348ddf4859
Ξ0.05,https://etherscan.io/tx/0x5b2461b3b7342ace26eaab5b559e861888567070a1c83a614eeb8b6cda945d6d
Ξ0.01,https://etherscan.io/tx/0x3a6af019f28a72afd70c5f493d4970c6fcb6a84d1895b8c3d13f42d5aa77f667
Ξ0.1,https://etherscan.io/tx/0xfacbef76258d2e26f9deee769adc240515a734cd64d4b228ba9d111f6f8261d9
Ξ0.01,https://etherscan.io/tx/0xedefeb959ec43814231a49b92699b6fc9b7cd474e75026f56bf657788b0a9122
Ξ0.01,https://etherscan.io/tx/0xda44f39baf90757a4ca058303b22aa81d89fd3d8b541675a61508920a05c5c9d
Ξ0.2,https://etherscan.io/tx/0xd565edd5d8d0d1147a2dd271668e7f8a10a85bdf1efc6da28fc12cfdb3eabc66
Ξ0.1,https://etherscan.io/tx/0xbe75d54bde4e8395ecc91f8955a807574bea9c97fee89de90830af10c89c740d
Ξ0.05,https://etherscan.io/tx/0x3c44d554680cb58c4d82ee46eef2bed5c0b48447f76bd2f9f202240ae165c724
Ξ0.2,https://etherscan.io/tx/0x79f4276aeaa42f949a3b5041fef80881597e9937338b653f96d32fb600a0114a
Ξ0.02,https://etherscan.io/tx/0xe87ebf3701b5a9b8238efc6bffdefd8e773544b3799cfc12e8b0a653a99393bc
Ξ0.0001,https://etherscan.io/tx/0x621446e5024367fca01e6c5dd408cc5f62e617393a9b9f49c89303eae777de6a
Ξ0.01,https://etherscan.io/tx/0xf031703e344b5c7055e2dd3a3c81a6138f5c123031a137ef1041bc65aed2970d
Ξ0.0058,https://etherscan.io/tx/0xb8425b1783bcf4d67b441c03cab2da27176c2b4bf95835237f9728d43dc19015
Ξ0.5,https://etherscan.io/tx/0x9c52f515ff433d87db2d5335202bd9a51acdef1d23b0ef29dba8ff8d8a0a1302
Ξ0.02,https://etherscan.io/tx/0x64915c23840c99570c270c13dc0f2f5f30e9f71536b19f8bcfb43b8756880c27
Ξ0.4,https://etherscan.io/tx/0x24ee8a2dc0b85af3d5b1e841cbedce39cf5be6962d9730f6474b06e1061d44fc
Ξ0.04,https://etherscan.io/tx/0x14be7c02f907edeeb1bc370b27b48317b4ad9f3b70a1ee247a9266e433d71fa4
Ξ0.0059,https://etherscan.io/tx/0xf05114b3126ab872dfe18382784166579c043e5f760066619f3c5a16f385b50a
Ξ0.35,https://etherscan.io/tx/0x8f8f08798920e5b190f6e59f1c18d474e9305f2621399904ff38dae9e0ff6207
Ξ0.5,https://etherscan.io/tx/0x2311d6644b87b9c148b1d65a6a56b1fc54b5aa0cd62b74c3a59c32d913aad104
Ξ1,https://etherscan.io/tx/0xf99369ab93f5512cde596eaf980e2f897b85d74bc4f04fe16d2b0b2e2b786e1a
Ξ0.1,https://etherscan.io/tx/0xbd766a95ea0788aaae993706bfd3a915c7895fa30fc0c88a699f95dff2c4f131
Ξ1,https://etherscan.io/tx/0x9f401318a813d4cb9b24e9e2f1b97a3951e675de14f0ddbc2c3392628c031eee
Ξ0.1,https://etherscan.io/tx/0x29ac73f38d7a4e97d27f2ceea78fed3366b403e84f8dec22fbd9a29a42b3cbc5
Ξ0.24,https://etherscan.io/tx/0xf1a2fa224cc9417312682b6b419712661863195c18c96aabd8ed5ef01cdf2c55
Ξ0.2,https://etherscan.io/tx/0xc5705dd6d38d42e1e8149ecc1ac3c7b836f10d6f99b617be408348790bdcd6aa
Ξ0.02,https://etherscan.io/tx/0xa3cf08cf209b2599daf9032cd6facfb95b43c4cd4a67c1fdfd0387cc85fc129e
Ξ0.1,https://etherscan.io/tx/0x6c51c5c44f8918215688e5ef118cde3ebf2500c759e29a0fc22543bdbbc6d3d2
Ξ0.1,https://etherscan.io/tx/0x05ce1679a68db68266159ad4f39c14d98e0a8654140a20ef7c492d24f3bcad58
Ξ0.008,https://etherscan.io/tx/0xa0ec87fa892f6b9c75b6b8f603d04239866f79af8675bee18014347b73f6955f
Ξ0.025,https://etherscan.io/tx/0xdd701dd250f9849d6bbb7efecff057a40269fc26033b7660ef063bb4b9b9f368
Ξ0.035,https://etherscan.io/tx/0x12df43488d02ce8c66dd3f3154af39d28ef57dd112b94406414b0d54484f355f
Ξ0.01,https://etherscan.io/tx/0xe180217fb537e1358c8012ede43fb0ac2b95d6d59285650a68ff6c1424e60a61
Ξ0.2,https://etherscan.io/tx/0xd8604ac629ac37ec82e8d84a7cff7f902f41ed2b19c9e2d84f4cc87ca27d4cb6
Ξ0.01,https://etherscan.io/tx/0xfaa21505307c6b533ab60a1b1a48aed45facbe408679ec2dac45492181ff0168
Ξ0.1,https://etherscan.io/tx/0x9e8582cd4db1149bb4fffd7a1ee190a7234765e29a7a5f7362d2f0f6001e797f
Ξ0.5,https://etherscan.io/tx/0x554c489a9979969d18b70fcdd664e20da735ed758755ce00af684b17a61db108
Ξ0.03,https://etherscan.io/tx/0xdc916b1b7717a6e256ecc5776d2576a8d77a628d6e33ddf96988a357a123de2c
Ξ0.01,https://etherscan.io/tx/0x565863a462c86c308d44fbf8704bd253719bd8fdf7b1b8ee41c312b5e01c1887
Ξ0.1,https://etherscan.io/tx/0x334886766e3ed97053a8e434a1ab6a88bb0b289efe7cc3fbe24e057efa1d3146
Ξ205,https://etherscan.io/tx/0xb33ad92fbb2587a09fcd8d212052a25634ab69b3b2cf544ff9f754e86ab88e66
Ξ0.02,https://etherscan.io/tx/0x5706d28a4ac2903b23c84bdb174eedf7f2d4c484aeffb1372ddde18fad51cbe1
Ξ0.0446,https://etherscan.io/tx/0xaeaff17aabfd907a22a0120cbb4a98630157a85832639631817da7f88e4d4e72
Ξ0.0125,https://etherscan.io/tx/0x6ad34d88ec1bf79b2bcb65dedd6d08ad6a511678c50728d87523f088963951d6
Ξ0.025,https://etherscan.io/tx/0x5e0b71569d4580c76fcb08f82da9965548d1f9cdc432b1bd4c637f6ad33e222b
Ξ0.0117,https://etherscan.io/tx/0x5d7a658071300483a367ecaeec6a0ab43f52e1ef8d6b2149799329ec1817eaba
Ξ0.3,https://etherscan.io/tx/0x545955e1740e1bcbedc33bbe5e7f4a1f9dc16a6e8f3fa2571baed87ba178cf93
Ξ0.1,https://etherscan.io/tx/0x510f013c10d68b901d5080fefb85aa4a32965daa56f0c21e0597e5b980fcf5f9
Ξ0.1,https://etherscan.io/tx/0x35a65329cf4f9a39c11dc16dce550eb41faf2b211eea87b716e9f3cfa7528eb1
Ξ0.1,https://etherscan.io/tx/0xc66be2944573a4b6482f4c18cec29adb6358580cbb38f0836b09037fd76e03ae
Ξ0.01,https://etherscan.io/tx/0xad1f638e8153a0947eb1cd99a71951e2684bb7fa4b39a1d69d201dc968625e2f
Ξ0.5,https://etherscan.io/tx/0xcf2a84ae1fa0e82a06833aadaa52b5f27063189a9b167ca489fe82412db00b03
Ξ0.05,https://etherscan.io/tx/0xbce2ed5de02a955a6be332e28483730c383ae73085c49331bbe4354c61c830fc
Ξ0.1,https://etherscan.io/tx/0x6a05591b5a3d1f0e91d8d6f0ac7c5aaffbf86b2e23e581cf2181f5326a312ef5
Ξ0.08,https://etherscan.io/tx/0x69750f2a666a95c04bd772f5674ad1a8d73e044cfb51fa8cb2f2c5b27a80304b
Ξ0.985,https://etherscan.io/tx/0xb01cd047b43401c06a52489b9d8b121e4abd7e0d330ba5315edd6e8758db4caf
Ξ0.6,https://etherscan.io/tx/0x09b1df4b77f2026b490939da708c8b222a54a592e8c91ce621090fd3cec175a7
Ξ0.19,https://etherscan.io/tx/0x1182507353ddfdb36cf55c327449cf448517e50d71e117d7e728cf73581994ab
Ξ0.04,https://etherscan.io/tx/0xe268283d7aff0fb669250f2a5dc94b8a48afdea22b68903e2669cd447f6966f7
Ξ0.1,https://etherscan.io/tx/0x9d2eb2cad595e75c4da5074470090b755f92b14fcf38f46d93a87e8f51bcab24
Ξ0.1,https://etherscan.io/tx/0x7b129c48578ceb83e70ae7738c6df0bf5cba21e35fcef402f8183cef52ed9c8d
Ξ1,https://etherscan.io/tx/0xad47172426cc3170215e9d439da3e8d7e4749fa1c80c8154c56c552d0bf8d954
Ξ0.03,https://etherscan.io/tx/0x0cde49bd4b09ebd8d6f3202ae91b0666d079381a3403f2d7cfcc143b337b9620
Ξ0.1,https://etherscan.io/tx/0x829fd9ee1116d8ea66ee7dbff597d6ed7f59450a39e989a9657fb27675972974
Ξ0.1,https://etherscan.io/tx/0x775baa1ca4cc5f8b86213aed76590ea888b0fbd2d775da60340d412b773eed0b
Ξ0.1,https://etherscan.io/tx/0x61f62297f03932d866b8780ee1be62ceca438a20d9ce8db704c134f8f48b44e9
Ξ0.1,https://etherscan.io/tx/0xb000daf73d2f70e77468957b372244ee8c9be90a979b024b0fa6316e2da5f762
Ξ0.01,https://etherscan.io/tx/0x5d16bd73c3871a1b4810c4b96def3b38e1300a060844e32a841f2d969f05289b
Ξ0.238,https://etherscan.io/tx/0x57af1cc4053fed50e559831e01fdff04ffc08e192825a083d52fbaa00c51a795
Ξ0.031,https://etherscan.io/tx/0xd0d2f2adf4efffaf472d7a4982e4373e934ff685dcd14aff57de6868922286b3
Ξ0.1,https://etherscan.io/tx/0x0f8500dc36966f15b675a22f60c5f2d22e37df6d7810dd41d681ff3dd4cdf393
Ξ0.01,https://etherscan.io/tx/0xf6c48b34de1326f2cad67bf8c20d6afd5d42267d7b97aacfdeecb96c2f8c2732
Ξ0.05,https://etherscan.io/tx/0x4cc35a7b414da8cdef026be60b21ace5dd4e68b833dd4b45919898b2b092fd86
Ξ0.0235,https://etherscan.io/tx/0x43c6903227f8aad6a1485cb0f731cacfca605179d5ce51363e45dc13e9a05f41
Ξ0.06,https://etherscan.io/tx/0x4368d47c18ef69c2f4d20944bd5971932984eb133eb88d9f961e4aacc5a4a51f
Ξ0.032,https://etherscan.io/tx/0x42b4336c0febd7d1f650ae9620c492117363f3d48964b08b1d7fa25893558534
Ξ0.1,https://etherscan.io/tx/0x25508fbc452532522ad14b6ecb62d861d6ab3967c5b25e640b9c80c881054b6c
Ξ0.25,https://etherscan.io/tx/0x9f84c4e3b7ebbdca87f796e1d86ae988c5d20e4047e1525134c33a26dbed7dd5
Ξ0.25,https://etherscan.io/tx/0x58a40966fd28f43dacb8c890148e22909434e887e904c0b05f25050bddb81247
Ξ0.1,https://etherscan.io/tx/0x0c92ce20ce3e1113b6da609c7cba31f3bf099190b89a7a45e8754b5c9ef1480d
Ξ0.001,https://etherscan.io/tx/0x159a3765cd43cd79d157a547ad9ad0276df29adddf7a0c5188e5bb6b88c08829
Ξ0.2,https://etherscan.io/tx/0xf65062ffcd394d6fbf1cebb3b47282a1bb3f20c2f929fa04ba516c88d7c0d822
Ξ0.1,https://etherscan.io/tx/0xecfded5f6ccee5a55c3fa0a898d841e4021d20dc040bfac56b849a617e544869
Ξ0.1,https://etherscan.io/tx/0x17b9ca6bbb85cbb57534e53b10cf642216af87d8873d395a832fd686773b7873
Ξ0.01,https://etherscan.io/tx/0x115d7da0f529b1ef8dabca9f0af5e486f2ff5d36a5741df3e6478e332a43db59
Ξ1,https://etherscan.io/tx/0xf4c69358459d7276936f25fab6b0747f5d7ab0da04bced99668a7cb2e8d83936
Ξ0.5,https://etherscan.io/tx/0xee2c5b3f12d1c2b41e54d024c92a8585af9de5c8e6ce65241cca63c18cf663bc
Ξ0.02,https://etherscan.io/tx/0x8e703593e410dca78d767e2bd6faaa609f3613c57e2ae7242de04d0632b8bb2b
Ξ2.8,https://etherscan.io/tx/0x468bf2278cb77f3b1ee2358ec2536aa4a820c258d2b1faa6dc7f5542d015f23d
Ξ0.005,https://etherscan.io/tx/0x2d296368f6bfc9be76799ce730a43672683c27de2eab5f344b7c45f36bfdebb7
Ξ0.12,https://etherscan.io/tx/0x22d48704928ae990779a2768557c7deb67f18645a37cf34526fa414a19b9c558
Ξ0.025,https://etherscan.io/tx/0xfdbbe8a31d5a28ef136e484085e857f768e05d0142e63be800852f34d3a8a729
Ξ0.063,https://etherscan.io/tx/0xf344d4933b204c344ddb679ad6467bdf90a3c59ecc332dcc023d94afbe2b9127
Ξ0.1,https://etherscan.io/tx/0xce00e8ed0015f54f5bbac40302ee11088cd1b8cdfc504b2a1e5177310aa2625e
Ξ1,https://etherscan.io/tx/0x3d3d1a9a8a22a7ce07abfefcca4e1f7dde87e7295569368fec5eb0a7461e6ccb
Ξ0.1,https://etherscan.io/tx/0x1cd6ef7ad86023d8c44c3a639038b6747ca0531c42600eb6f39ea88e5fca2554
Ξ0.1,https://etherscan.io/tx/0x18040bfaf1291a7c8bcec791cd3e1d376270fae213978aa5787383920d648f0e
Ξ0.02,https://etherscan.io/tx/0x130a9e473a74ea856590fffbb3788248451fd1e24e05f74ec4f0e85c2f0b51c5
Ξ0.1,https://etherscan.io/tx/0x4bca3ce75c8784f7dafa342cc0464dad8d14ca841725eae52e5fce513ee4f994
Ξ0.1,https://etherscan.io/tx/0x0aa277d447054b4139fcda2ea8ce535bcae1ff93eb07dffadbc14a6ae78ba8c3
Ξ0.05,https://etherscan.io/tx/0xecc7d82071e0481d747a3e93ccbcbc17eb6862a9f2db37f093fb89ce36673025
Ξ0.04,https://etherscan.io/tx/0xdf97a5a937b2cadeb0abc8ec083c192f52f8f01a0121f6c853acf516510f181e
Ξ0.01,https://etherscan.io/tx/0xa21b52eb02e5db5933c71e98bd82f61af37c5a4c0ddc36fdbec72d0dc4d3c5a9
Ξ1.5,https://etherscan.io/tx/0x6d19a3bd8c14f5c2e499e5a826361338316f97208402ec7f7d07e6c075b8e13e
Ξ0.1,https://etherscan.io/tx/0x9236d899c73bafb76cfdf273fa197cd4eef79bc5369d7c034a68b0d94d037f3f
Ξ0.1,https://etherscan.io/tx/0x593cddf8a5487eda931745d8da71e0d01e703d451f61e55833dbd648da0c6af3
Ξ0.08,https://etherscan.io/tx/0x04b969dc9c553d8d91baf4aca052c8440f8ac3fbdd272b1c182ed0065ebefeaf
Ξ0.001,https://etherscan.io/tx/0xe0971eb9e1177cd69b8d53fdfed941a53503b3bf4061a50c56d990b68e000630
Ξ0.1,https://etherscan.io/tx/0x0f1713b0bf4c6226da649ee22ddf3f3db078884f285f7b9135ad1f8992ae0712
Ξ0.1,https://etherscan.io/tx/0xbe8251bc5a486f44adcfd45401da4b7456593fbc48fb3a69cd2a54077d5e92ad
Ξ0.012,https://etherscan.io/tx/0x6d31a3867e9e29669eb0737de0f00f7f6867c0807e75a64cdf0b29dc839ae4c1
Ξ0.0235,https://etherscan.io/tx/0x3519378cbda5216008de1ed1236ea3d584bc07ab5ecd7f525a42abcfe078a7b1
Ξ0.1,https://etherscan.io/tx/0x3047462ce62e383d1e9e07e8e89a7d0b133293087f32b00c07dfc9875987c8b7
Ξ0.1,https://etherscan.io/tx/0x04f8c51c803f56f3537520d761a7c73f75738ab8363157486c8f54ae76e7d6c1
Ξ0.0070,https://etherscan.io/tx/0xa24ba9f0f10e990189d154db76811ed6212cf1734821a9bf6c2cb3be4f4a9d11
Ξ0.1,https://etherscan.io/tx/0x6e4f8ef1407dd0d3484bec0d0aff1f4a7a0bd4c09799dc0006956a85172ae944
Ξ0.02,https://etherscan.io/tx/0xfcbb11a5ef39124ad297416b615f19fc24e63ce3f2ab3a45d259550ad95e40fc
Ξ0.1,https://etherscan.io/tx/0x6e625c66c4e420e5f8a0160edde6cd35290dd1765524d55df077bb2ce9a7980e
Ξ100,https://etherscan.io/tx/0xeb8fafd952416d0ba89b98e9b7ef5f0fc60edad7ddb7e9eb374fc0c7bfcd6957
Ξ0.04,https://etherscan.io/tx/0x58b8708656b899a6f0306b7f0dd66128302bffcf8f839d1be9f58880bb21cba5
Ξ0.01,https://etherscan.io/tx/0x1624f78cf79f1f9d1fff692ca1aa8d9cd3aa07cb6f2f4e09cce1c4180b8afdad
Ξ0.1,https://etherscan.io/tx/0x08c71031085715dcef58cd619698175039151ca9c4f0464ff6f3663e8bf8d85c
Ξ2.3,https://etherscan.io/tx/0xa79867def6f6978a309c8a47309a00e0dbc330f6205b9854c208efd6cbdaa670
Ξ0.1,https://etherscan.io/tx/0xef698027a2daab4f1b2795b3a9a6358160bb249c5a0c6f237fc5253420c50403
Ξ0.01,https://etherscan.io/tx/0xe0e4533e130f50a2cdd8cb2c65c58d110eb872c67c5d50a2f452ef9d7e4d34c0
Ξ0.1,https://etherscan.io/tx/0xb16a72ce4f60c092ce366a1d10daa2b9fc82010bb1cc3409f96770e27cfc98ba
Ξ0.1,https://etherscan.io/tx/0x71fee4f931da0b9ad5454b52f5b85ea054f297f58970522a2f02d8fb9714fa45
Ξ0.1,https://etherscan.io/tx/0x182ea2672ae267b37819d00cd34c14e34e4a6e26f683c2f62413d8190aa05998
Ξ0.01,https://etherscan.io/tx/0xe30eeea23b748682e11c9e9da232ce204dad2e478bde8ebfd08a186de477b2bf
Ξ0.1,https://etherscan.io/tx/0xd72425d53470f0d620e63ef46d7514eb8972f3f75b7644b2bc99217e58f44e6b
Ξ0.03,https://etherscan.io/tx/0xcacffa10a50a55e97b586946b46a8431f98715f5240e0affb6faf8e14eadbacd
Ξ0.0234,https://etherscan.io/tx/0x93adafc153341f1a0a4ebde847b6c94d182c5123615747ecb8ffe8c461f7643b
Ξ0.065,https://etherscan.io/tx/0x56438375bf84e3298a5285fa9b9d2093fc22cc96f59785b3bab7d80e7f9e2b1a
Ξ0.01,https://etherscan.io/tx/0x4750a607eec0592c7fe6d13c42cb0b62112ba200d17ac8b4a1e7c4bb3cd8edeb
Ξ0.1,https://etherscan.io/tx/0x2727544ec04a55966bfffee58a9548ac37beb08ef4aba35023483f705a3f7007
Ξ10,https://etherscan.io/tx/0x25248ddca643ada54d28fd373f1a4abeec2def4b5959e619967ca23029058614
Ξ0.01,https://etherscan.io/tx/0xfd0e75c1c2433cd2b9d5f8f15c2eda9b703acc242a4ee54d34721d65ccabb3ce
Ξ0.015,https://etherscan.io/tx/0xbd89d3a7245d7d17e14147957a88d82215259295d47c4ea8402895e928363960
Ξ0.01,https://etherscan.io/tx/0xaf3957392c6e5e5c8b7470beb5bbbce6874d66b8e07e8dd67719114b2dbb06cd
Ξ0.05,https://etherscan.io/tx/0xacc8d6e3e8ec1296a424840aa01c2507e22335f9071c756a826393010e32f5c9
Ξ0.1,https://etherscan.io/tx/0x0a5219ed2791a628d42fed62eff9597362d9a1055313ac5d60deeb0c09cd9036
Ξ0.1,https://etherscan.io/tx/0x9c762123bd70f94d18b4fd75a421969fde30c5a0b58c487058a1beec199d13d5
Ξ0.03,https://etherscan.io/tx/0x892115a121d95b34d1de4665648909fcb89d00be5c13b197fd73ec3fa9f4c8f8
Ξ3.5,https://etherscan.io/tx/0x843e8f03d9e1089c1901a8bedd0cb3632463efa9d6bdc830126fc3a1f3af9c0c
Ξ0.015,https://etherscan.io/tx/0x3bad2207c77605a5c1b8f10fd85b1cdb0a26b8818a0d5c3fd3494299726f4e30
Ξ0.1145,https://etherscan.io/tx/0x30bc87c29b87488cc7349660fec40294847cb09c365233dbc7f1f5a273729511
Ξ0.175,https://etherscan.io/tx/0xa2acc3d96666d3fbd10909dceadc1973b4af07ed97340a042f30ff1288fb114f
Ξ0.1646,https://etherscan.io/tx/0x6a06993ef5aeb7de49b12dccc038edd4d249a24c871ca7edbd9668c47b9f0c99
Ξ0.1,https://etherscan.io/tx/0x1fe855478043db8439930bdc176e6f46f490d3bb6294cd6c56f2d54dac756f6f
Ξ0.9,https://etherscan.io/tx/0x765e23583606ca55c3718be7eabc160b75b4a5ecd055891f41405e2676f87316
Ξ0.01,https://etherscan.io/tx/0x4c76d3c8b5b56d7fd31db0b88feda1f476dc7275f7012c0495f2df386d3b1234
Ξ0.01,https://etherscan.io/tx/0xccb30171832cd86f5850cf8ad2ad01fc33557534ec8988a79591d312df925a1e
Ξ0.03,https://etherscan.io/tx/0x84eadbb96ce0b086bfe68c5e010be6a0d11db5aa731cdcb125f059952320f26a
Ξ0.09,https://etherscan.io/tx/0x33030d687960ba0baf12b9df56aabeda53cf44b970708cdd2b69bc38bcbb60b2
Ξ0.1,https://etherscan.io/tx/0xf9d2a75381f1bc69e3036bb1942813099a3f561c31e27860ca6f66e339470a4a
Ξ0.0001,https://etherscan.io/tx/0xf5a63810b139be6d986e7626ccbd96355d83c39bc1336cec4cf5cca835aa2ac5
Ξ0.05,https://etherscan.io/tx/0xf30d9b20171cf412f793be288e0bf0dc56f791690d4d6779d98ce7264c1e64b6
Ξ0.03,https://etherscan.io/tx/0xef1cf7241e32ce45ac8a499182c26effaf3d534e8c6c6c535a0f092ec241ee1c
Ξ0.1165,https://etherscan.io/tx/0xe464dc94f1a8eaca6abb7d738327be612758232e2f075f20b0dcdec5a54b0528
Ξ0.001,https://etherscan.io/tx/0x8d1fb7d73f53702efb85f3131357fd4470202371bdb82f8f37fa528b9fbdeb4c
Ξ0.05,https://etherscan.io/tx/0x7afa4d1559100355ac25433c37f0ce2f16d032fa2cbfa32263c307088da98955
Ξ0.1,https://etherscan.io/tx/0x77292cfaf41aa8305c9665ab6a3b36f3d22db218f8d467a69fe8582822417d9c
Ξ0.01,https://etherscan.io/tx/0x4322f1491b063191cde3b8cb13ea0111600a257e9eaeb0a7ff80ca24466d6aa5
Ξ0.0117,https://etherscan.io/tx/0x8b0bdfa236c727ec953ec1fe8d2963fd3375c5c7872d77301bc04e9a874dbc26
Ξ2.35,https://etherscan.io/tx/0xde8ba4204d7ef1e719cfa344d67871a693c6a07d3b4722d966a35985abdee659
Ξ0.01,https://etherscan.io/tx/0xd2291aed24911fae63c9c16e557012da8c67882a35c61453cfa5ec8bb62b8ee5
Ξ0.03,https://etherscan.io/tx/0x326c1e143a4806d292c0f7a22cbfb298f5d4068919c04695a84134ab93319e3b
Ξ0.1,https://etherscan.io/tx/0xc422fbe4d438f274473ed725a1d9ffaa569ef2ee43351287d928537a33b3ae69
Ξ0.0047,https://etherscan.io/tx/0x410da612ea818f72e6093b28c4ff4219b536f491c715973046a186819acb29fc
Ξ0.1,https://etherscan.io/tx/0x0974c95e540c49d77b3dd3dc55228ef3431f737c0ee9c773168109425c18514c
Ξ0.08,https://etherscan.io/tx/0xe84cc89f29beb9ce59ca20568c3abc476032216ace8be826fa9a21eb84ba548b
Ξ0.015,https://etherscan.io/tx/0xd00b318502b61ed1096ca2b296487b20aec98772985c55898a991483d3f7ac32
Ξ0.024,https://etherscan.io/tx/0xac0a91c41bddaf735cfbd6e2dfbd797959acb952adc9a13aa818bead5b6503f3
Ξ0.025,https://etherscan.io/tx/0x72b9fbc776bf20af8d6ebd3ed1b4f144df0d41fa91e5a4bebba501c74eb12350
Ξ0.5,https://etherscan.io/tx/0x1c9487c8b49baf3796270613885167a7d2ac50cf3c962d7b3d876c45647cabb7
Ξ0.03,https://etherscan.io/tx/0x0368c23d790b49c2dd1f7a5b8f61d979d312f9ea3d3d671c6a0f10ef6c121202
Ξ0.1,https://etherscan.io/tx/0x32a4bfdaf1c18cb9c495411761d345bf097c3e26de75c112042457ddbb253260
Ξ0.02,https://etherscan.io/tx/0xc7f9af337e4b3e1edd3f0312969d10a75b93eded72d5723cd98399640095d6c5
Ξ0.0017,https://etherscan.io/tx/0x63b4df97784856db9b8fe8ee607549bba64b7e06588c240691208280dc0a6fe4
Ξ0.05,https://etherscan.io/tx/0x03b58c6b0aa934e1d45fd8e6959103818170f46c4149fa15c2b202d87953500e
Ξ0.018,https://etherscan.io/tx/0xf6d38f3b2d244dfc64f67ed288cb00dfa047564d7edb9c680346ee0d3fef2324
Ξ0.003,https://etherscan.io/tx/0x93fc8d5329bbc5d30b47df37a6837594ab222319552c298acdc59e0aca3d4aa6
Ξ1.8,https://etherscan.io/tx/0x869019c54fabb348d49bf4b315b98c1621846fe6c4f2ec88387989e08f438d66
Ξ0.03,https://etherscan.io/tx/0x438a159a3c4827cd435c0fb32e4fc2eb2e4f0df6b804f6736fab42378b58e29f
Ξ0.1,https://etherscan.io/tx/0x3e6f527f8978823649905938b95fe8eb0cb68e416bb7eabc1612e78645079346
Ξ0.0235,https://etherscan.io/tx/0x2afdf17d70564de3631991937f5374c5eec0b5c04a0dc05e87b15b2fd28857fe
Ξ0.015,https://etherscan.io/tx/0xb7ca71e746936bf8825cb6e39871a0f7eb842041c84dc48420fea1d857683d62
Ξ0.2,https://etherscan.io/tx/0xa0ebe9fbc7f3858685a335b1f7241b67a3f38568883f8652c8f63a226bece82a
Ξ0.5,https://etherscan.io/tx/0x0661d8a0104f75c66f411bb9bcb2fbf7503b8c308d375dcdad55bb54ad8e248d
Ξ0.1,https://etherscan.io/tx/0xcfc46ea7f3642eaa0d19c7efccd5896c72c74dcdd92b7bad4ffd6e8586125005
Ξ0.01,https://etherscan.io/tx/0xc5023cfb5220abaaec80da2044a1374b8b843c3512489b0fe44f7f2e0394d8ad
Ξ0.25,https://etherscan.io/tx/0x86c62466a3d367e15f98e0fd01e3b96528421821f6c3549a62c2e282d36abe95
Ξ0.001,https://etherscan.io/tx/0x65924f1bd013afbd7bef91cba4b3a9c4bcebdb8410bebc862e1a89253c568108
Ξ0.03,https://etherscan.io/tx/0xc0fc0a7b76b87efbe7b1b899997337ddc1bb20e2fe27a57aa47645e252118aad
Ξ0.3,https://etherscan.io/tx/0x5226e36b33a62e74bd30019f1d621a06b63c0f7715cf2770e383df2f9525beec
Ξ0.02,https://etherscan.io/tx/0x425563585a045ae564ca9caf7952e5bac03a9be36bf61f5dde5f74cc09492b95
Ξ0.25,https://etherscan.io/tx/0x98df71a0a607fdd8f40abc4c7336af5b6e07ca0bc25b10ac90fb162e0cf59e9e
Ξ0.35,https://etherscan.io/tx/0x5928a96c4c8c2d5a01619606f15090bc621348fc3d2198444bb833fd77ffc7d6
Ξ0.1,https://etherscan.io/tx/0xc2202bcebb5f1d81b0f9fee650d1afa7acae569cd3f1a15119e92ea4f8491f07
Ξ0.1,https://etherscan.io/tx/0x140ec33c7beccf2804a1db974a8e087e885dcdbf93a77cd68701e6eff290aee1
Ξ0.0000,https://etherscan.io/tx/0xa232b0d84eabf8115d102ace7094d01d9ff3615c51276f237639b51f2912c405
Ξ0.05,https://etherscan.io/tx/0x75cb205e8d562ccdb561481101d99afd1299b4977dfc8e1ca9e9d6fa216d332f
Ξ0.8,https://etherscan.io/tx/0x588e211a2e5042a17ae67faa039f1deddb54b07a40a096ccc3c65d501eabefbb
Ξ0.5,https://etherscan.io/tx/0xd5469f180e636a9043463797e8a79ccd8aba2e85aa514f18624d399e808d64fb
Ξ1,https://etherscan.io/tx/0xd0c98bcf9f5bb03876a370e31ee633798bffeef609f33ae988327e2ba51cc7f1
Ξ0.0042,https://etherscan.io/tx/0x64d46b3cf28c6ae91c37c1f7896139c2cc9ea4fdaef3dedbde80aa5c838b04ff
Ξ0.02,https://etherscan.io/tx/0x4bea765c17278be001535749aac3cb8a349cb4d976aea49f54e84fafc312f08b
Ξ0.0777,https://etherscan.io/tx/0x425c49bca703b3a460b9eebc155a2d677041e231692d0762c265d7c9b9636ddc
Ξ0.1,https://etherscan.io/tx/0x2130904807cec15aa9b6710709b16d169e472889af3662224df9eb0001ca06a5
Ξ0.01,https://etherscan.io/tx/0x90866b0f293334845c535acfec7d71c7b19ac6edc421b22f5e2dfb75802fe457
Ξ0.3,https://etherscan.io/tx/0x85f50039304e4d0633e635009567393adc3e47b794ffac68891f74d3895ae4e0
Ξ0.1,https://etherscan.io/tx/0x02fef4058fed92b40e8c0685cf5d7024be7e4d0dcfd1cfe38e55a4ba572c0724
Ξ0.06,https://etherscan.io/tx/0xf6717c7da30ee1d6874f488b65006a02139bbce6e9a78087df14b443e3b69c0b
Ξ0.1,https://etherscan.io/tx/0xb953127bc44c4ad978beb459dc21871fb1aa12fc57f4d29db25a4164b6f9566b
Ξ0.0469,https://etherscan.io/tx/0xa3206389b0146ceff4e0448c55d16f9b77461cfe1997d70774c645cdddbc62c1
Ξ1,https://etherscan.io/tx/0xa207db4c3d92f2338a261e658bfe78f31c3f17b01860b5331c056eaf313d989d
Ξ0.01,https://etherscan.io/tx/0x7be809a6ce6154f7f375280cb01a74637c969e2167ab8e5d903fc0461da766b8
Ξ0.01,https://etherscan.io/tx/0x6e057a7e345253a938c9121546d2e3134643377f4998d65ae162602241c33df5
Ξ0.2,https://etherscan.io/tx/0x19d27ce51932cf46cdb9282e9bacdb189e9c66c3809523ee9505416e68507c3e
Ξ0.1,https://etherscan.io/tx/0xd0e73c323e93d3d38d01de19b27c470cd9bea463434584b94733808ece914f1a
Ξ0.15,https://etherscan.io/tx/0x584154f2e099f61ab7ef27d65e40811a6564fc09a43156a08067a17b170880ee
Ξ0.04,https://etherscan.io/tx/0x51f71641aff183ed84b3439391ad0aee47f89f0859a58c1d06f93c53706860a3
Ξ0.05,https://etherscan.io/tx/0x37444d6e314a4620c342ae037712d7c002cbe5d9bf2f12022be7ab3d075122c5
Ξ0.0117,https://etherscan.io/tx/0xf02c7f2e5aeb3da0e21e2cb0aa4a6be114ea882c27289bac4b74e0886ecc17b6
Ξ0.23,https://etherscan.io/tx/0xa48df8564b4c697ee23ca7be95ac03be5e2eda001e63de566d64108fa777a53e
Ξ0.0666,https://etherscan.io/tx/0x4c27e42c2ef8d2f357f87c7858d5561a6e321d8352bb0e9ceb24136db1ea65e9
Ξ0.01,https://etherscan.io/tx/0xfe3f4131efdc6f9b0d034c9fd0980e7ba427af8e64f70a12ce0712112da01a12
Ξ0.1,https://etherscan.io/tx/0x3f248ff8efdf177548ff30842dbc4adb3fbe85b4ecbf14b14eba4ad0f46b8c48
Ξ0.5,https://etherscan.io/tx/0xedaff6a92439994e9ddf89405f7e13aaf480bccfe3a1bb5955a6663dd1100866
Ξ0.1,https://etherscan.io/tx/0xe71687d69666d6beab92afa4a584871fe67ea3ac81251826c3d1f80af64b4d00
Ξ0.0117,https://etherscan.io/tx/0xdcf8992ebbde24655a307a984b0f9a54bfbc1ebe18695e1e35ff98e043f40c4e
Ξ0.009,https://etherscan.io/tx/0xa741ad93c05406a9f86d592700165cfa1962fb85935ac4bc020b9d64b4b0e6bf
Ξ35,https://etherscan.io/tx/0xa647d202e0521305a3d185069bcb5f63739a799b1ed444eac2643b6ca7898f34
Ξ0.03,https://etherscan.io/tx/0x92b91e777e4a64ab8b00c8abd83b1b6c6e9cfa7e421ff0dcf49bcfa67c5eef76
Ξ0.1,https://etherscan.io/tx/0x85db0949f8d49468ef1fc70e2ff0b643371d263af9af101a87a6fa4a04e46e59
Ξ1.3,https://etherscan.io/tx/0x743b85f20eb0e8cc29246f0c146605973289ea0de8d2fb9945967e357ce2781c
Ξ0.03,https://etherscan.io/tx/0x25137bc95e4274d7c394840d7784eda3249752e02f079c9ee492084e32c3bea1
Ξ0.06,https://etherscan.io/tx/0x2273efd7269c9e7e5a69cb44f9116b07dfd63bbc48e8c283986015984d42ef9e
Ξ0.0254,https://etherscan.io/tx/0x1f8dea28ffc3c31075009698a94a8d36dea9e2722de350a641e9ee23b00c21eb
Ξ0.15,https://etherscan.io/tx/0x1830604189088e0b01528a2d8cc9de35f9278579d988788766ffb94cbc193e34
Ξ0.1,https://etherscan.io/tx/0x8fb808a57f8ab0e212d260e890ec7284fc7295ab601bdb922bf4f1bff8203611
Ξ0.0351,https://etherscan.io/tx/0x5f68c887a87960ba6bf826da77e9eb10fb53c5a3136c068d39da051636d337c9
Ξ0.0188,https://etherscan.io/tx/0xcdbedc288db41fcd8343b352f8e0a728f505c59d3b2f5044a018155533febdc6
Ξ0.02,https://etherscan.io/tx/0x8ae82e5ca781cc743058aa51b1fed4472a00b8586bb4e0b8337f59b26091d3c1
Ξ0.1,https://etherscan.io/tx/0x42b56347992511a3ef7d77e54f09c496699f6aed0f0ebd6b9cf9a603b44d7688
Ξ0.09,https://etherscan.io/tx/0x29a8fc8f92ca60b4550724dc060731d213236d83e6df864a928dfea15376d7f8
Ξ0.7,https://etherscan.io/tx/0x37e927a5547be284c380835bae414c35fde55edae99593ab8a3e7157953fd0b7
Ξ0.1,https://etherscan.io/tx/0xdd93b572ba9b8d24bd92b896377914234ef77897f5ea7d4f6a6ae6b77a8354fb
Ξ0.024,https://etherscan.io/tx/0x8df72d69f407b5a014d50a1f7202ca49080aa775cbc6244df64bb389defb63e3
Ξ0.1,https://etherscan.io/tx/0x8a3b46fc3d979d4e9d991fc80e0ff71b17a071ff6cf0d65832bfc2700d394a6f
Ξ0.02,https://etherscan.io/tx/0x3ee4d2479bff9727004bff1b0588cbbb608c60e9b8ace19f9ec8c4b167d9e594
Ξ0.235,https://etherscan.io/tx/0x3caff9a3f47fad8c7be39f9d11dc6ca67ced2bdb7b2a50cd541245de3e82624c
Ξ0.01,https://etherscan.io/tx/0x01a671db1a74c7f0bb5b0af48417f11fb4f82d2f3011e178108a83b13a38f1d9
Ξ0.1,https://etherscan.io/tx/0xc3a6b8708ab04306982fed17f6f12eaabda0c45bf634d28bd6fc33d93867f8af
Ξ1,https://etherscan.io/tx/0xbead7b69391633285607635d8afdf4b8fc1bfa8e87ef3e3edb5d5ce418f3d195
Ξ0.01,https://etherscan.io/tx/0x2a7f7c0403594ed6fb135f79cd04e0d213fe2156ea9ba05b3b5e137e0e59992e
Ξ0.1,https://etherscan.io/tx/0x472f91f661e73fc4909afb9c9b016da4e302e4ba545e42d669bec6d6af1e57ba
Ξ0.1,https://etherscan.io/tx/0x957bb4f84253abf1a746ea442386db201923ed07f39dc04aee8ce8b2c4593727
Ξ0.1,https://etherscan.io/tx/0x48423528b22543c9312964377823551552b954ed4dc86fda58c59e2166f846ac
Ξ0.0333,https://etherscan.io/tx/0xeb38ff6438365aa46353b209c4b4c7d03dab0da1a2338227eb1e3e9518aea354
Ξ0.05,https://etherscan.io/tx/0x9fbfe9fe41c0b1b315514618e2a3317f40bf4c79fa9b5502ee80f96b6c5c1f43
Ξ0.0077,https://etherscan.io/tx/0x639474822ed0f067089da12b94b5a450106e71b71da79c8fc947dbde9fc40017
Ξ0.01,https://etherscan.io/tx/0x9f7f54209251471c358ad66ea8c9c206e4af374ba95e96adc2ec219ca30c7e60
Ξ0.01,https://etherscan.io/tx/0x7abd38c63bba6150d289f379eaeccc5486adcf4f9d942f336919300e581337f3
Ξ0.02,https://etherscan.io/tx/0x5dbe3db1f3a1f36a5c6013b8ca1fea9807db450c0ee1837a5a34f34c8b60e488
Ξ0.01,https://etherscan.io/tx/0x3609e404cb1d0b858534a179ccc3f22c3df2a3ff25dac01d4665c8c4a24db9b3
Ξ0.1,https://etherscan.io/tx/0x13dde721c4065bcb581928d8553b33805e3d847ce7110cd78c7eb0810c4b4ee6
Ξ0.0235,https://etherscan.io/tx/0xfa4692d40b357b1df281d25bfe46b817c07be8bbd02191f6529d9d871a37d795
Ξ0.2888,https://etherscan.io/tx/0xa774407209c2e4db063fc222cc208d66b8a231eae11de4cc73dc1fc13a995d35
Ξ0.16,https://etherscan.io/tx/0x9de2cf26a3f33fed475b7e0fb4b72b0cf2a656098010fbf8ce8f139078714271
Ξ0.01,https://etherscan.io/tx/0x74642dd9d2da1195cea09301c4ab25cc2a5348f45d5116cff9d0011c9b1041be
Ξ1.03,https://etherscan.io/tx/0x706eac2b3f06a3327a38a13184fd25cc6e26095fbca4ca8fa4a43249fde50b2d
Ξ0.2,https://etherscan.io/tx/0x6d28f5ee690a55e9325caf4badd0e9b3c34f49f036ea5a8d82f176907771ce68
Ξ0.1,https://etherscan.io/tx/0x6af50122c1b98e5fa5c673bd135f0c07a24adf989a447148be97981fd1e02fc2
Ξ0.1,https://etherscan.io/tx/0x457e8e4a5220b0d273988023a6efd2bfb574d13fa678010c28673ccd9144a8de
Ξ0.01,https://etherscan.io/tx/0x1915d5c00b76498d798953e0a58dc5e4c374a2ec2418ee7a24d982e22521230a
Ξ0.1,https://etherscan.io/tx/0x041a7b99f5daffda90c186c48acbd1fa10688aca994ab5cf773404bb1b9596fe
Ξ0.05,https://etherscan.io/tx/0xd5585c90c4ad5eb7d754fc4f3164455404a5871cef46e16ada430a38bf56fd71
Ξ0.01,https://etherscan.io/tx/0x49f933cd548dcd289ff52d43cdc6319ba60676ad46d61ca811b16cd23aff29f0
Ξ0.02,https://etherscan.io/tx/0x8e014eefbd4cbcbc043e2abdd47a5182cf9cb5919caa63982dfecfb5a267aafa
Ξ5,https://etherscan.io/tx/0x646c0316c65d32384274e1ef1848317368438cfaf41b935254fc054a3dccd27d
Ξ0.1,https://etherscan.io/tx/0x36da076cc38b170f9f892c91c4822de088501dbbd8d449836ae15d2b507a79b5
Ξ0.0023,https://etherscan.io/tx/0x291240ac85088c4ed30929d980b0d4521cce82472067b185b33f5116259b69a4
Ξ0.01,https://etherscan.io/tx/0x1addd2fbb6fc94525ef72ad48f160e1f85284d159fcf9208c01487c850d2c8c3
Ξ2,https://etherscan.io/tx/0x7c9eb40b78b4143701698a605c55b3b67942823e6a810ce7c7d7594184df6cde
Ξ0.01,https://etherscan.io/tx/0x3c289938739091691bcb59fc919e8c6cfc9e828d8082c2f84e1e63fdfc92049b
Ξ1.1,https://etherscan.io/tx/0xca63008cdfaea8ce475d372d3fbd4df0811136a0aa0601f4efc49600d27077d0
Ξ0.05,https://etherscan.io/tx/0xa445d484eb658c190dc894a133fe335e41a9c6dc43acc43693ec2b9c81d046dc
Ξ0.02,https://etherscan.io/tx/0xc90ce5351943d8172fd149bb06e84abbd7f028a925ccaaccbcf85d7c6f87fc8f
Ξ0.05,https://etherscan.io/tx/0x1d15657019063770a2d6e029025b9da0621964571bf08284011620faee62d54b
Ξ0.0070,https://etherscan.io/tx/0xe4bff02b3a3607acfa1eb094846c6bd4a5faa65f333fc5b305d26a2407c5b730
Ξ0.05,https://etherscan.io/tx/0xda97265e43d37512f6dccc554570eb634e2d2dd0730d7e569a97f4bee67e65cb
Ξ0.05,https://etherscan.io/tx/0xcd7da855438340273c467a6c18060111606c35006b5e2a0bf18496681a819c95
Ξ0.05,https://etherscan.io/tx/0xbf916dac1e6cf308a94db6825b3a01148a1a84c3e6c8907071bc03ae2a5055f1
Ξ1,https://etherscan.io/tx/0x27b65c88f6c4a4ae3f690f01e9d56064727b39e3306ba59312a18da061002320
Ξ0.08,https://etherscan.io/tx/0xf4c35a8d31338bfbacc869ed31242a9b488f522b0ccea0b6fd516a2e6491b370
Ξ1,https://etherscan.io/tx/0x9b4b2a4706307d157426903fb65eaf41a6fd0da1bcbb221fbb3b674c9d73b567
Ξ0.59,https://etherscan.io/tx/0xba4d647ceda1c170969a6e6d9f6f5a4fb646af604a964a2d53edd6d4d2bcf602
Ξ0.0001,https://etherscan.io/tx/0x7a6d390fba754d61c6037565b35577f028d5fa07da0d821497ba44b316f47979
Ξ0.1,https://etherscan.io/tx/0x7364ff866d7af98033be4b7067a92b25dd36b5af360f0d69a3d4b19cbe14169c
Ξ0.2,https://etherscan.io/tx/0x209fa151dcb35f4e35601a877fa9d8957027a51921650f0eb370d4811fdc434b
Ξ0.1,https://etherscan.io/tx/0x7bc3a42b2d45cb36404cd95b2308988a9164f8dac99b20ba3d0a38309b11e1de
Ξ0.1,https://etherscan.io/tx/0xf1575f90d14ed827094b6bca7a030ceeb1c9127c5c9d21d54c12cab649a2060e
Ξ0.1,https://etherscan.io/tx/0xa8fa0aed91f64c84c9363995e82f3d959d5dd72da11f37135e854198246118fe
Ξ0.15,https://etherscan.io/tx/0x953c4f3c497c46d10366a12a0208c69e5198b7ad28091f4a05f67919b55ae49d
Ξ0.1111,https://etherscan.io/tx/0x824b4a0540dfd8f12c57f4991fc36b9fb27644a63ccfc67664fc2e018c9eaa3c
Ξ0.4,https://etherscan.io/tx/0x6a32083c669b03dfdfc022835fd7360b95f2498b38b23eb675afc25956f6a988
Ξ0.08,https://etherscan.io/tx/0x64f899bf130bd83d426d548609233971b1786497413ccf2f576f723a40fcac76
Ξ0.7,https://etherscan.io/tx/0x629a67c29c1d281560dee38392da085f35efc1c8191c3081531bf83c52cfa74f
Ξ1,https://etherscan.io/tx/0xc6e1a39c1e0a9224b7c0c37bc99bddfd27db16a01dad4017585c2acd6463e549
Ξ0.05,https://etherscan.io/tx/0xb8565bd1a135e7758dbc00a09d9ff2d296a9647e64a68c195f72885eca03e5b4
Ξ0.09,https://etherscan.io/tx/0xa6135cf71e5a60d8ab7058721ad8803f6698547305193bd73171180bf61401d2
Ξ0.4206,https://etherscan.io/tx/0x9f43c58e20ea656146fe1b7d2bf341ddb6a287492b8f53e06cc95ba570c05869
Ξ0.03,https://etherscan.io/tx/0x67d3c82ffecf745e9c8acb019d0cb001e074294442cc93db4924d4dc3efd4320
Ξ1,https://etherscan.io/tx/0x47803cb7898bf39e3aca482ac94d40aae6102d5016f277d40c9830fc9a9f8c31
Ξ0.1,https://etherscan.io/tx/0x38c389f838d7bd0181d3373bc307eec150ce7f579219f14f03e96fab6776c810
Ξ0.055,https://etherscan.io/tx/0x8575b3680414270cae8cbd0ee644ae619e27283e94ae2a5edbc97f2a95ac31d6
Ξ1,https://etherscan.io/tx/0x13626bacc26be01ab65437bf5ef6260e36332d5f8597949abc0f81bd859e3147
Ξ0.04,https://etherscan.io/tx/0xe9449ceb0f89d8ba094228411ec62f4d45226ea2c3605b88f5816c260fb432cd
Ξ0.095,https://etherscan.io/tx/0x72d29d5b131088391cbdf3f52bb52ead1e013715b72eed7d26a87de31cbc384c
Ξ0.02,https://etherscan.io/tx/0x37085c56374504f9119dc1849b3239d2f6da5ff7d539818e025e67aef47663bf
Ξ0.1,https://etherscan.io/tx/0xe0209e78290b119eb94e66f8e02ed267c38faa6d37c0f5489906e948d419afd0
Ξ1,https://etherscan.io/tx/0xac283b04e0e35ce187fe7a9b392a36745f92f776df67671a755bd55bcd9d35c6
Ξ0.1,https://etherscan.io/tx/0xc3be17a9a2ee02abaa82f186f1ca576cf578c5b8e570fd594aea81868899fea9
Ξ0.2,https://etherscan.io/tx/0x813c22c7492085f3315a689a9d9af13e15d6e69fd42ad27c100729da14213361
Ξ0.0212,https://etherscan.io/tx/0x7f839b45493fc4ba92ce2f65150015c01e89d7f79380dd915f93d21f8301ff47
Ξ0.1,https://etherscan.io/tx/0x2f0569da46b0e5b58cd1c55c74023ce9b2160eeff00f6b398d688964d1663241
Ξ0.09,https://etherscan.io/tx/0x020a5446853949e05e11ca790c902b5c61726259b467519ba53cd22571156ac7
Ξ0.05,https://etherscan.io/tx/0xf6a3ec772809360481e518c6c030637b8bc31b4ccb3cdc7b0fdf49ffb0a1fc1d
Ξ0.0470,https://etherscan.io/tx/0xe592f33af2f6d3b9a91b030a42d8587e093f22c0f2784abeddcd1fb03305df6f
Ξ0.1,https://etherscan.io/tx/0x53e386a517c64ef5d0881802aade49b1c54783943aa535e9465b936c65207848
Ξ0.0070,https://etherscan.io/tx/0xbc9462203337e48323314964c77a404891e14c7fd9651b719539ee9516ea7196
Ξ0.01,https://etherscan.io/tx/0xa323299ce738d388ae01cc1bbe7e5e2e83a6faf4aadab5701bddebdf7cacab0c
Ξ0.2,https://etherscan.io/tx/0x97036d1e768b5cbd8b702d6b498bf93baca737ce95e9210b2bba74638dceb1fe
Ξ0.03,https://etherscan.io/tx/0x782477ae175ba3f5d99eb2c9122e60371f1cb6aef54777a8b9f9980049ba9137
Ξ0.1,https://etherscan.io/tx/0x76a0680c575e957220410e3b6998e82130fc053448d2e9316231ebe485fea45f
Ξ0.2,https://etherscan.io/tx/0x5180f3117241d3945921243084a57d5fee91a056cef5688e3f18d6f0d908fd1d
Ξ10,https://etherscan.io/tx/0xbb99104ce6c104deeec0816926eafd8773c79529c181358f4888879cac617ada
Ξ0.1,https://etherscan.io/tx/0x4b5d3909c155b9c02721d210142d4f8e4f79e661f8fdd9664a8d5e228942d95e
Ξ0.05,https://etherscan.io/tx/0x089705d9f238e99caa664dad00b5e59e06adcf53b7d4debd776e01389b3274c0
Ξ0.1,https://etherscan.io/tx/0xc4205bfdce50fec0b8e4a0b00b1279ef233b2a29ce97581af280003962191b34
Ξ0.1,https://etherscan.io/tx/0xba85ae2dda696e6224a3a61cd8f7cb0c7772d086ff6f2b15ee103d869e1a8742
Ξ0.05,https://etherscan.io/tx/0x937995396b82aa2e97fd99ac02fcf0081a72d664c9d80be5fb7411ee1bed8f57
Ξ0.4,https://etherscan.io/tx/0x8cb7bf5cbd9185c7df5b9fec40efafdc711003defc34e68bb7aa7abb26890fb8
Ξ0.05,https://etherscan.io/tx/0x1920691a7003d02fdacee3c62213f6cdd944fc739b7b775658c9ed53d0143d34
Ξ0.01,https://etherscan.io/tx/0x801c0b75e31bf014128c046095469f9d92c4745b169713534e25a7b5a3bd6046
Ξ0.003,https://etherscan.io/tx/0x023f70f91287a51bc8c29d20345d1097db9e2d0cdc0677606642f0055128cf6f
Ξ0.05,https://etherscan.io/tx/0x805adbda0b72c9e47b520569ca92d8314ce3ff7df97cc46ed028633adfe2aa0d
Ξ0.2,https://etherscan.io/tx/0x6391dfc9b32c10f2003e8c5be741e42e83377e9122337dcaf0e2afb2927579b4
Ξ0.08,https://etherscan.io/tx/0x3bf5cd54a685054de5bc013db18fc3e0114bea8a38bcb3ee9fd833a8761cbf5b
Ξ0.01,https://etherscan.io/tx/0x1c5650fcd00009dca1dffc3b43034186a4559ac0cfc4944cfbcb4ea30dfcfa97
Ξ0.0000,https://etherscan.io/tx/0xe23cfb82ffd13f755ff5095fd963226cc2f35cef7ac19db132b525a2f2b38f24
Ξ0.1,https://etherscan.io/tx/0xde404f72b8770df2bf79df0048424c3f01b7e704290d63ff0ac26ff6ae562051
Ξ0.1,https://etherscan.io/tx/0x0d6431dc6af4addb5a1984cc430f0e99b1c0a8cd615cc2c5f5e0cf3dc27be7a0
Ξ0.01,https://etherscan.io/tx/0xf0bfdc98029d7d68f11b8f194b4889b7acd41e279a4ef05c0b8a25826694954a
Ξ0.1,https://etherscan.io/tx/0xaacc91fc2007c1e45a887b770a877efb6ea5c02a640f6ec912a3a7f8f83278d6
Ξ0.0194,https://etherscan.io/tx/0xdd3a1d8ec720d5ad8308905e5ae8c805630ff8f78484d9af094b96107c8c04a5
Ξ0.15,https://etherscan.io/tx/0xb0c5eec07e21fcc540e436eebd5a4ae5fea940df5af1132cfc617907b926eb09
Ξ0.05,https://etherscan.io/tx/0xb08633c29d4eec273044d7baadcd69c0e294cfd90ee3c1da1a0c69de7959ba3d
Ξ0.1,https://etherscan.io/tx/0xa1d57e5db08ae17d75034fc84a27fc61cceca7ae077a7a831c405c03ef5fb373
Ξ0.0058,https://etherscan.io/tx/0x87a91a30134ad2f5423de8b9156366bf6d50545e0ee0416fcdd14bfa0f61d5f6
Ξ0.1,https://etherscan.io/tx/0x7da90bcb0c03307bf087a2b1a8654774145926f1d9c28dd31db71cec0b0a792a
Ξ0.07,https://etherscan.io/tx/0x7c018c7576af8d10903f4617eb22b728436ca34a0aeade320556cfb968955dcf
Ξ0.02,https://etherscan.io/tx/0x374f4550d326d3d523c3745b1efa1f47580eb60f27fd2f817f1af855e2d9a24e
Ξ0.009,https://etherscan.io/tx/0x1dc45904187991b3d1196802a6f6bb0078451280eddae18f524e1212cb78bd4e
Ξ0.088,https://etherscan.io/tx/0x0cc67d127b5055fe151e1952a77a12ba53f0f57d4db0d68575941e86ed971e36
Ξ1,https://etherscan.io/tx/0x14efb23395b25d0d51ef022ccc74345c11bae9aba443622fefbfc4fe90b41131
Ξ0.01,https://etherscan.io/tx/0xd7101a368d22e4f91729ae674f21cfea58cb1d351e3c9efa360ad9e28b9f6685
Ξ0.01,https://etherscan.io/tx/0xbd0bc548fbd5491f28eb083106616376d0509bae87b52a123a50155cd089f466
Ξ0.003,https://etherscan.io/tx/0x0c9bc8af46186f5728fea9e78057a9509bc608a93f8ab8b2acc361fc7d489a64
Ξ0.1,https://etherscan.io/tx/0xeaac7ce2fa1f76d309e8ce4dd14e7804abcd4b967d9d043d55f43a28925ae8e3
Ξ0.01,https://etherscan.io/tx/0xb8ceea13f89b1f626e27bc1e2607eb5c89b4887bdd64b433107cfb09d0039d0b
Ξ0.3,https://etherscan.io/tx/0xb5ee450e67a0fba66f4e0ce289bd429f3ba7e40f3bc369c6963d004775e0e689
Ξ0.01,https://etherscan.io/tx/0xa1f950ce59991598a13fe7badf11ee47ad036622af827eaeea6e284ea83d504b
Ξ0.1,https://etherscan.io/tx/0x891e442ffeaea16d82e47a54dc6f0118f551a5d6418b08d25f571d0dded421f5
Ξ0.24,https://etherscan.io/tx/0x5e6ec29d951915ed057b11753b3257630c5c029dee7ce631495bfb9ce9ad83df
Ξ0.025,https://etherscan.io/tx/0x237a2e00c9896cdc2ebfc4b6249aa073baf71f9c12724a615f547e5fa6fc96d1
Ξ0.03,https://etherscan.io/tx/0x985689d3fcdb0a09365cd23a3a68c94090bac0566887de1f33de55848ba54be5
Ξ0.03,https://etherscan.io/tx/0x3fdafb070ec213d60375d4e6fa18fbaaf4255698b260ada15fd7698e09b98420
Ξ0.2,https://etherscan.io/tx/0x8eeed1fc304a1521d7de4dd5395c4fa175e1f9bee729b06571f8236e03f4f138
Ξ0.2,https://etherscan.io/tx/0x69fd0c000cd2ef7e72fe50d1599b9c2b7d45b57aec2089476ca0494bad7be31e
Ξ0.1,https://etherscan.io/tx/0xaaa68ca7aa7d31a246148d6756aeaf0d247cc783776ef6b80753f3961a4cef4f
Ξ0.1,https://etherscan.io/tx/0xaa2f9a29c15836f207859d5be81ca492ede33a7b72e0a018074eefa60b6bdd4c
Ξ1,https://etherscan.io/tx/0xc65b5a85d54933fe9749fcb75cfd74c8788c00739428038d72f9382255fd76de
Ξ0.2,https://etherscan.io/tx/0x6c2d58bb0a208b3b7d362dd859e826c2f9a2cb633bfea720da6aafc080e3a263
Ξ0.4,https://etherscan.io/tx/0x43a4a73a5961e17d073cb733d70d65d684ee62e254bdfdd22871ee018909fe12
Ξ0.1,https://etherscan.io/tx/0x29c34a1a9e35ef5fc918d406f01d6011e0adac601dc98da3322d646f53e5b1ae
Ξ0.0093,https://etherscan.io/tx/0x2064bb9ba7e3fbf056f33b8c8d6cf26edfa32e332957c6b94fa1d479440a2dce
Ξ0.3,https://etherscan.io/tx/0x52b93ea1a33636744d54c7dbf3199602db930dcb64eaad7d9d4f1210fac31e89
Ξ0.05,https://etherscan.io/tx/0x20521a6692095ebf283f1da3ffa011892b7f8618f7f18a3096a9b92840e7df3b
Ξ0.25,https://etherscan.io/tx/0xb96a1d146ddf7a094e96900ed079267007ff13cc179392760f9e38d40d8ecf25
Ξ0.045,https://etherscan.io/tx/0x38d63190c854def3791df0bf09254784ce9ecedba0b4d8e6b0bbd1485bb114b1
Ξ0.03,https://etherscan.io/tx/0x23137d998bec130bf22d80f3d1c3ae28079de08e407abea66dcba7151cad0427
Ξ0.1747,https://etherscan.io/tx/0xb58c5ccd0cef9157d9910704e5ed37c40f904a05972a86bd735fd9fece03cc94
Ξ0.15,https://etherscan.io/tx/0xb56bc215d56be5afbd0f0c7ce8cae2e521e40e160fee0eb7d101533a9cacb873
Ξ0.01,https://etherscan.io/tx/0xc86441b5202b14ab04c33bf401d32aa04bee1fa75687bca67154976d67e9bd8a
Ξ0.05,https://etherscan.io/tx/0x874432bdd5b195ef88a3510372bbc889532f297d30a100b7373501b90e19d428
Ξ0.1,https://etherscan.io/tx/0x8269499a6ee7d60245ca1c76737c0ca1369563ad9fe1d8e22b82888484a3daa3
Ξ0.1,https://etherscan.io/tx/0x810d94f1b2f9c4cd33354c43b0f9982d4401e9ce4a9829bc95cb05a10c4ec1f7
Ξ0.1,https://etherscan.io/tx/0xd0fc39470957e9d08057a3cb1b75c7ad38477581c60045e2cc4d568f22f8f97f
Ξ0.1,https://etherscan.io/tx/0xd0fb2c94e35a449d5e9b7be38ce16eef96df6aa29368ff0e701e1a9c60193994
Ξ0.02,https://etherscan.io/tx/0x92c14e7a320f48c011d949e6afd2fd5617fc9319d51b3fb8bfd056e716f0ec7d
Ξ0.025,https://etherscan.io/tx/0x5a13df77d7b72205da5878a7bcda0891af864e96473f44736cfed15741628a7f
Ξ0.5,https://etherscan.io/tx/0xd4e807bc181b0b7b74c7f8980b129fddd2fbb4ae637463b8aa06385ca38a7487
Ξ0.03,https://etherscan.io/tx/0xa84f534021ca2b11136ea7915d063e871b4b32046b6ef44f53b64662b7e4e87d
Ξ0.15,https://etherscan.io/tx/0xa014d7c5793641dd2645eccd5a84f2b3cf9fdff6b5c25ba8a18e28353f824219
Ξ0.005,https://etherscan.io/tx/0x8c2bfe5ac2d607882b1173e2e3aa5cc955dc05010e7ff8eb2c4ff8a89858aa33
Ξ0.05,https://etherscan.io/tx/0x57f609599fd6933e3eb30d9e335800e4414c8e55c219b322908dfc7c5a416675
Ξ0.5,https://etherscan.io/tx/0x4446d1e7e0aa2cb177f59beea86848f59df91e7a5fad0e45bac422c8356422ed
Ξ0.025,https://etherscan.io/tx/0x3dc7a5396762cf3bb3aa658934068141686eea18cb0aad907af607bac6f991b4
Ξ0.05,https://etherscan.io/tx/0xd6253af3d0f9b2f83a9313118e9ca7aff1a08c8654138f64a8e2ff06fadb3021
Ξ0.6,https://etherscan.io/tx/0xc6764e414fc522a6d422e5f307a69cc3c2f175cf2a4c06b704e4166474797bdb
Ξ0.15,https://etherscan.io/tx/0x7ef5512a649ed79c9bc6c7dcfa0b2c07ae5ba59fbd5e2ece6a7cd37deafb1932
Ξ0.0234,https://etherscan.io/tx/0x5b4c0dd4184558d8ab179ffbbc41db3d5ce890e2765baad5ce6de47698b651da
Ξ0.1,https://etherscan.io/tx/0xf5a04dc0e79d480a464f799ac3040058ba8e8e7dc57e7d0d94e0a4a4837dcba3
Ξ0.5,https://etherscan.io/tx/0xed16ef4f9e18669dbdec4119bdffae26bc37b6ad0f79a21974734039b1227247
Ξ0.01,https://etherscan.io/tx/0x694dd2c8f5ef443b66f6fe1fb8181ad8294a3f12242d3f57f5d9bd05cbcd5cf6
Ξ0.1,https://etherscan.io/tx/0xaf876e47d4951a36bc23dd2a1b5c23ee9f1994c1382731bcb03eb4fb5d8f4bc6
Ξ0.1,https://etherscan.io/tx/0x6721fa17f43202c40a1de2d263bde38a59851cfeda7f299f6cb50bdc49e23f15
Ξ1,https://etherscan.io/tx/0xc822e1978eb134b83ba2fddd15d2536cfafd39e006170fb64b4aae4e02db7fcf
Ξ0.01,https://etherscan.io/tx/0xc48c7cad0662e8b3b8d3daacae4717a547327bd19d636b327f03da1f84a5142a
Ξ1,https://etherscan.io/tx/0x6f1b987ba1db5c45060f131f76e5e984d2642a8d039115ab7bb2e239147242f9
Ξ0.05,https://etherscan.io/tx/0xc5a5fe49f494cd43886a32681167dc04105e65faf25a18a036dd663c36fa0fc4
Ξ0.5,https://etherscan.io/tx/0x5bf841a7a53a1767ffa9f52a0ab38d170c65e7141c301012fa38b75398cc6a58
Ξ0.2,https://etherscan.io/tx/0x25de81c8a80d6d6dc72287fa5d84818c577c3f04dd5b40830a5b0b0a6ab354ce
Ξ0.2,https://etherscan.io/tx/0xc54cd7ed2f59f17ff1c4dec787c6f8f405a26a9e7ef6c72dc379d93377a85304
Ξ0.1,https://etherscan.io/tx/0x3110f41308af03435f28701e83c1162dc24d3f21011bb9501957fe206dbebad3
Ξ0.6,https://etherscan.io/tx/0x227bd88ba27ddca08d9a5442dbb279028319944e0c086910d96a99c1d6f20927
Ξ0.05,https://etherscan.io/tx/0x98b539cdaf0df6e1634d10622a664696a15d6793e1567b25e3d55f8f2cdfacad
Ξ0.0035,https://etherscan.io/tx/0x162d5b0941cfb6632a60d27c541b11d0282fe734ce86a177c388686b77018a76
Ξ2.1,https://etherscan.io/tx/0x12a3735899e006b6bc2b932737b5992449195271d4f4bc70b0ea620f0e3705b0
Ξ0.025,https://etherscan.io/tx/0xfbaf86a73ea97d0eac5b8fe0f9a7373cfd0b5bda30b9089c577f46b0a5179947
Ξ0.03,https://etherscan.io/tx/0xeb252b82f7a9d7c683d9f4040585571554e9a7df1894870bd4a4dca297baf569
Ξ0.0234,https://etherscan.io/tx/0xe908c31637f3f0fbac020bed7bec2d4520d687ef17d96866a4f1d28cd837f1ea
Ξ0.0504,https://etherscan.io/tx/0x343b1ded92e707c6adf8d6d6b96d5bb4bc9d282821b1e852991e7f77e5934ca6
Ξ0.1,https://etherscan.io/tx/0x6d6ccd19a1e2eb2def56257b233f4a2659fc6c066d81a3d569641e18043583f2
Ξ0.02,https://etherscan.io/tx/0x05d2335ed98fbe062d252618b6dd29905b2e79737b117fe0116441dd9a09417d
Ξ0.15,https://etherscan.io/tx/0x6a8474293be858ca6b030f2d3b6ac73d55daeaba2de247b8b58df2a51c72ef3f
Ξ0.05,https://etherscan.io/tx/0xef5ce45939524025a56d23480b7807408ad011bb2f7728ef038cea073b39f07d
Ξ0.01,https://etherscan.io/tx/0x65bfffb10a0ef5ce2bcda928464a1a022c478486ae7efa663e822de184d2ab81
Ξ1,https://etherscan.io/tx/0x4b1264a72540c382c04654aa5245f7d93151bae0cb0a2973b6c81bad547fde5e
Ξ1,https://etherscan.io/tx/0x25334bbf869a12aead18b8d71fc3c9f92fcfd1c72e8010b849a7857b3d48d757
Ξ0.14,https://etherscan.io/tx/0x8c2528a58a447809cf9337331659b1c3631aac7b8bba800d7e629322e55f6193
Ξ0.21,https://etherscan.io/tx/0x7e2931ba562b65d26629331ba558aebb6a735f97efea1faa58d27e789c4cebb8
Ξ0.1,https://etherscan.io/tx/0x1c649f899113e0c900e2f3c56bf7e32e6af5acdf3c0cdbbb773bde89dc7c959c
Ξ0.088,https://etherscan.io/tx/0x98bf247e14c496062e5e53d237534f5cfe40ddd829d5eb32ef6c8045f6c175d3
Ξ0.07,https://etherscan.io/tx/0x77012f0cabb1c2c150864ea91f44cfb6c4380ef1e990997497bee4936b94ce7b
Ξ0.1,https://etherscan.io/tx/0x93693793b759c6634511176d5ab76b8bbe595f53a312299fa5e355aebe2bd9e0
Ξ0.01,https://etherscan.io/tx/0x5776f7f7b821270eaf27c7417803174e63e2fe25a543029bd08c99922bf84a57
Ξ0.001,https://etherscan.io/tx/0xf9c6de50f303ad40d3769cb06e22438060b7cd71f4a35d70959a96120b08e5fc
Ξ0.1,https://etherscan.io/tx/0xd356240958eb0b3b1d75798d3662f5178c61113430d2d788e660a6243f833776
Ξ0.0175,https://etherscan.io/tx/0xc2b5bfaaa0eb59297975c3c3f106db3dd6f933c1beb6f999323671733e8f96f1
Ξ0.1,https://etherscan.io/tx/0xfca97f39450ede82280da2b352e56b8128606514c0506c1889cf2542deac285a
Ξ0.015,https://etherscan.io/tx/0x75fd2cdf8fb172b22168f308899158bbe96056ee1af6eae53fc39fc899e68269
Ξ0.01,https://etherscan.io/tx/0x69dff499d95d99d82e76d584e716ff554dbd60663c4a9060696450858d7de86d
Ξ0.1,https://etherscan.io/tx/0xe98e8bd7eb296bf6035e1463a08a3b859559d8b454bc989e5ea01d4b1feac504
Ξ0.2,https://etherscan.io/tx/0x313ee04dbb0197b4123dea55af9a4751317e63d2371b4a7e6b0c4dfc6306902c
Ξ0.11,https://etherscan.io/tx/0xe2299e7fc7ca962ce6ee480a828d5f53cc80ab94d5996e6e3d92c6b66e91c553
Ξ0.1078,https://etherscan.io/tx/0x8d9ed9fd071179037d1d30448b1f6ebd06f290a29d74ebf4637cbae9c047a768
Ξ0.2,https://etherscan.io/tx/0x684daba9b23405e8556296bef04fd9d9b72706192697a263fcf97a50d1f9da61
Ξ0.02,https://etherscan.io/tx/0xf9147c9ffec162ca336e2dfdeac65c616de97549bae0f4eecd6ea27a992d94ac
Ξ0.3,https://etherscan.io/tx/0x1bffc8fb960bde3a47c170e9d4088b7e99996de1e1d297332dc7dbebdca9adb0
Ξ0.01,https://etherscan.io/tx/0x375820c5290ef15020db18c9617e7666c5573e861d3179e61fe4ef96511f26e6
Ξ0.03,https://etherscan.io/tx/0x229b73f99378998f96e78f7f8c47e8f4d122e61419180f101bd3d9da34d2a924
Ξ0.1,https://etherscan.io/tx/0xe5ad6ec94802734c6094f12d4408a7c2f2149ccc215abbf790ef7c3a953e1f91
Ξ0.01,https://etherscan.io/tx/0xde10e70172cc833765347e137a37e6551c6b8608e0c9bd4765b1cff7f0f35026
Ξ0.02,https://etherscan.io/tx/0xc68262a724ef7e41219ce77e5ef809b41c0e206e9cd227ab1d23a059a0818b82
Ξ0.25,https://etherscan.io/tx/0xbd87d25aa9d5748dcde40ddda3d95659ef496cbd64b15d01b6b439f6e0ef7e4f
Ξ0.005,https://etherscan.io/tx/0x8f006eaa6eefe97ba66cd7bedb0f538856c37b78a76edb31a643b1137078750c
Ξ0.1,https://etherscan.io/tx/0x79948c41835851a60acfe5042f84562c9a39ca51fef5b1ab9ae66cfbb4d1596c
Ξ0.1,https://etherscan.io/tx/0x570adb998f8d39824649b091300f1dbb4b0042e70d046c92654803238e11c4c7
Ξ0.01,https://etherscan.io/tx/0x3fa38c15186fbc65e216e38223c026f05867448f2392d7cf1387bc5af85fb44d
Ξ0.12,https://etherscan.io/tx/0x2f9168b3ac687280d007ac1929090fef28be3efdbaeb92ca59b1d0016a477975
Ξ74,https://etherscan.io/tx/0x24b0f56ef9e1ea522a43b8a9002f45b9d49650025561aeff7f5f04b9f0e4ed07
Ξ0.03,https://etherscan.io/tx/0x203222790b09bf00a3837c28c7e9bc523dd80bd6674afc2b8d6769567cd3c6f3
Ξ0.3333,https://etherscan.io/tx/0xac4e2e84f06978f72b426b93d9f00cd5e0f10e392c3181490ab158eec1828978
Ξ0.53,https://etherscan.io/tx/0x9adb9cb8270bb7edd3db4d1894cd608126d5544c0799343dd803c2c5383ce73b
Ξ0.0703,https://etherscan.io/tx/0x74eae3281933ed00d1ce3b46a485c6149c9941fa3c83890a0244e5ce9505788c
Ξ0.01,https://etherscan.io/tx/0x2ae6f190fc72b3ec0275210c2388a321b6b0bfb9c1f0a354ba555f79af0aca84
Ξ0.1129,https://etherscan.io/tx/0x2158b2fe03e15579a2c6fa81e60bbd6c1f127bae743b8464a3061c539cdc232a
Ξ0.5,https://etherscan.io/tx/0x142288a01b916baab7d8f157d0ed361e1a02b57b83a6d7e0d7ff6b8e7b0719d5
Ξ0.03,https://etherscan.io/tx/0xe09c9e9ab314be1d5145c9ca85cdaedafaaa0276d4d9c65d14067aa837543c85
Ξ0.07,https://etherscan.io/tx/0x64415e18bc944360db19218b5da1823d7b64128d386d04723df976b0d27f8005
Ξ0.02,https://etherscan.io/tx/0x376c772630fab89bffedc9cd8dc32ffc71ab9586e6e092f9f387b562553bfd82
Ξ0.2,https://etherscan.io/tx/0xfd1065e63d5faaeeaea8bcdcc3bc11aeff5224815eef8aaa1b8c2c2242400635
Ξ0.32,https://etherscan.io/tx/0x557a076011fc77572c1c1043d4bbea5c13b863400ad604176494cd6e9e57b651
Ξ0.25,https://etherscan.io/tx/0x158f9f64c5799825bc9fc2093fc38021153aea619b6dba7cb4ea50047c2cfe9c
Ξ0.1,https://etherscan.io/tx/0xeb630101a82a3973b2a11eea1450e1ac8d9b4bf64ca883ff40b7766b299d65b6
Ξ2.95,https://etherscan.io/tx/0xe3b86ce8a68f4414544d57ad86314b6812a01951d06ad9ab6e7360e3128224f8
Ξ0.1,https://etherscan.io/tx/0xa5eacd6c2a06986da690ac5632345ec8b8107a1caae875499b11c5d1219762cc
Ξ0.1,https://etherscan.io/tx/0x5fce775425682f20cc12ed92f4f341beaa145618ee8a1c212b9bbac10d5df757
Ξ0.12,https://etherscan.io/tx/0x56369c9314b7abb506d923114dbd4b924a3639157b1da7ea9b0020b50f40ad96
Ξ0.04,https://etherscan.io/tx/0x5004e8f86b4450723eaa620d21875b9d6d8e1ee69eb6dd5af81f20cc4764b8d8
Ξ2,https://etherscan.io/tx/0x79e67227ee8eaad603ab783ea8e6bfeffd6cd405a2d3ded410658e37f98d4802
Ξ0.4,https://etherscan.io/tx/0xad849a1f1668a72871119d26bbd87f9223d0e162ad0beaa5c175f5c57c29f684
Ξ0.1,https://etherscan.io/tx/0x658fa881419003a7083a39a24ce14254c2a9ea1184d89c98a0174a11fb26ccf2
Ξ0.036,https://etherscan.io/tx/0x3190dfb6885c5e7efcaf4af2aa3c990b5143014b26f39e83306215c5db001e9f
Ξ0.01,https://etherscan.io/tx/0xf055e7b477f6cdcfbe8f6e5949d4b358ccb43a6b9d2a75eeee356b37412364f3
Ξ0.006,https://etherscan.io/tx/0x6e13856b51b86910a44a360f6d4f117b2560b168de4675d0465dc951f1f99a48
Ξ0.0069,https://etherscan.io/tx/0x21afd4e5129bc00bb57495a95e90938b9b12f6628b12978cb408fe1a1f6a1b93
Ξ0.08,https://etherscan.io/tx/0x47233c8f537f50191724b91dcd12c495be341d039b81945b44c3cf6e018b2825
Ξ0.1,https://etherscan.io/tx/0x94182b1f6deb282efe00e5838d67630a40bc3906fb35d3730e8a4ed746952618
Ξ0.05,https://etherscan.io/tx/0x7814a5d83f7d71c8c538ea9c789de9a15f138365da43cf531e3ca4bea312b01e
Ξ0.005,https://etherscan.io/tx/0x73ec5d3d1e4a2d36768ed61c10dac4710c4a0e6f3ca767a17b468bee7cae38f1
Ξ0.03,https://etherscan.io/tx/0x36df07498d7ef5e06c7e6f534e5e8aaad18708fab6bc5dbeb08d452f2b12aaa8
Ξ0.22,https://etherscan.io/tx/0xa4b3f827c35671c6f31fbc30c566f8359589a9ffb251014738bdc27d9aaa4f33
Ξ0.15,https://etherscan.io/tx/0xf8095c4ca35e5f909a4a01330fdf70b99b38a10f8e43910da836658cf4b510cf
Ξ0.02,https://etherscan.io/tx/0xbb924520605546dac788dceee8ff59c1636b76100c9b1b97ebea6072766c1546
Ξ0.2,https://etherscan.io/tx/0x9c8695501b1b670c7722a8e447da15e9e8f27b15c61cbf0d2eeaf9e545d9914f
Ξ0.1,https://etherscan.io/tx/0x9052771ca33dde951487d9278afa93e1c79af577b18943e4a12f1576537aa1b6
Ξ0.1,https://etherscan.io/tx/0x7b45e97bd6d75a13fe46f7a09b7858db9d4bf47afdbd739fc90f412fe339099c
Ξ2.4,https://etherscan.io/tx/0x70e0cae1f825e83f56eb2a860e54844333741bf6fb3bdec5e6c3d1e7b1512229
Ξ0.01,https://etherscan.io/tx/0x06e19a090127d6d28c0ea899324a27725d93e2e8d018da7b636ab883e9053f61
Ξ0.0234,https://etherscan.io/tx/0x0143917739ebc7e7851f9b3c74b2e037909d50139dad60a46da78dd202881228
Ξ0.1,https://etherscan.io/tx/0xd63ebe926e5e3f5d258c36b305ab7c99ea8c2d3ef4bbf699ef0ec6a27d2ad081
Ξ1,https://etherscan.io/tx/0xeadd3ba9c62d9180c08d0ac94635a52ad497c720f7078c92cb313baa30d22981
Ξ0.005,https://etherscan.io/tx/0xe00c502bf6309c595f10dfd3e7ac919138cb5ee97e772a87d23fc2f6aa0674b8
Ξ0.01,https://etherscan.io/tx/0x2bd77bb0fbff1fca050daeaf9011a20970d80f0e8277114f10da8d143eb71efe
Ξ0.0046,https://etherscan.io/tx/0xde75492f91f34aa7a3404ce8ab242096fcf2a396e68641e5b70d03d11da96e16
Ξ0.1,https://etherscan.io/tx/0xde63eb61f59aa85b9df8b404cec91090150f6457233b1274cae10c96021b5f56
Ξ0.025,https://etherscan.io/tx/0x2d12a6c9b77b22747bae4637df63d6449f2abf4ecaf04ce71333d9437a0e3a47
Ξ0.02,https://etherscan.io/tx/0x2cc3dddc38ee218b276fc78c16a5b1a2c423904aa656e1cb60d29ed763f16f31
Ξ0.3,https://etherscan.io/tx/0x71d7b8f5067c016957b6b03f76011f232f49a74aa238ed1d6de96a48fe595c2f
Ξ0.5,https://etherscan.io/tx/0xed1a9f00a7afcc9611944e36376939d76b4def8e756fd644da0cbadfaff5d031
Ξ4,https://etherscan.io/tx/0xe043e84095ccd301f42adb7392761a4def8304a2e7081173ad7e032f62c1538e
Ξ0.275,https://etherscan.io/tx/0x994efb73763649cbc5b3989df421a1ddd7cdcb28d84c7629c8fc1f1dc2c01684
Ξ0.02,https://etherscan.io/tx/0x36a76c16f803d6ee41bed6b9936377edbc27769ce178ed99c3b2ecc97e68a3c3
Ξ0.01,https://etherscan.io/tx/0x34e94e9aad091783ec6fe982dcd048d7887ee30b7ef76d7feb5f08e9ea347e2f
Ξ1.75,https://etherscan.io/tx/0x1464191ad01d60ec4dfeb8b84a934aecfe4b6e78acd88a81d6e067e4aa406760
Ξ0.1,https://etherscan.io/tx/0xb4bf35d06310e66fb72f5b1eb3bf60dcecf7de5369fccc10698bde322aa49162
Ξ0.1,https://etherscan.io/tx/0xa5c187889c15da439e6e05fbb357393dd3b6aef995b06d0988d9c50eb494c268
Ξ0.1,https://etherscan.io/tx/0x65b80a45a4a481acd2e8fb7552b4b88c4de309fe77e5ddf58abffaad32017bf7
Ξ0.033,https://etherscan.io/tx/0x008dbad263e95412d12abd07ae605103e27bd5144cc0f5a1e75e1e230991a4c2
Ξ0.2,https://etherscan.io/tx/0x6c721442c98c581eed1b35ecb037a533ba97b9ce715bdcf2569c6417bad557ed
Ξ0.0051,https://etherscan.io/tx/0xea7c32fd91b467b4778f3887c3371d55b9a338e6ef2c71ae01d741bb54a14f96
Ξ1,https://etherscan.io/tx/0xc534c31ca15e939af42b40cbc7f8db181f74d0bf79b91ee7aebf118e033c9bbe
Ξ0.15,https://etherscan.io/tx/0x38ec970d8d1d09cddb5c2709406f31047df789e9ddacd5a20335aa8d2148a080
Ξ0.1,https://etherscan.io/tx/0x7f0cc93c67661739c9fe548beca02020a7da3ed07e57818eeeb5533dd273d33c
Ξ40.25,https://etherscan.io/tx/0x59b42d05a66a41318b7cd0b558de79f23f2af642a745193b01f5c541acdbb8a8
Ξ0.1,https://etherscan.io/tx/0x48fdf8178998ab937dbcdab51c98215dafa7d6e9ca500d5021958785aaf18ec4
Ξ1,https://etherscan.io/tx/0xca9292c81f241061b265897feb477a0371fb35cf47964330ce1049e35050c9a5
Ξ0.038,https://etherscan.io/tx/0x7f7d47be2756fa71901be3f722229ca333d467511e41bee7a21c0045342f8682
Ξ0.1193,https://etherscan.io/tx/0x33eff2706fb97febd05474ed7747543b764cad1e813a4c3c61343326307f6319
Ξ0.1,https://etherscan.io/tx/0xf93f22635a5bd24649ffa200b8b4f8d3f49fd68cff063cd8ecd3645c975c6593
Ξ0.25,https://etherscan.io/tx/0xc2d3f9cc2de060efa5691c4566410267156e3c8a0da75394d185189c9c0e9909
Ξ0.73,https://etherscan.io/tx/0xbb1f540affd20dfa7e33dcfc7acfa75c38eadb459812d8897aa77575265229bb
Ξ0.1,https://etherscan.io/tx/0x65f72996d90edee39fbe5115e6ab61380c266e99f34cd62ec8fec30d40f142e4
Ξ0.1,https://etherscan.io/tx/0x3712a5f46fa9970a7d2aa0b600d216dd9660d80e05bc10ea9de83059099edeaa
Ξ0.5777,https://etherscan.io/tx/0x1877311f20917afe778f900642af3738d81ebf59e50772c5c9a5918a1ce94536
Ξ0.1,https://etherscan.io/tx/0x0b266db7980fcd6dec85f7952e378237f0f859d082f81a6ef5e54a05b602e47b
Ξ0.02,https://etherscan.io/tx/0xeaeba29e8ae3e4093ee9af6985c0613ce39893a65b3b1e23a75968035a5120f0
Ξ0.1,https://etherscan.io/tx/0xd6447ed736af054090e0a9edb1f6f8efab17f37935ee2832ea6295951e51efa1
Ξ0.35,https://etherscan.io/tx/0x6b0f9f8672d3a6488ebfc44543e346adfcaf5b72b8a1202258c5a18460d2cddd
Ξ0.05,https://etherscan.io/tx/0x1c1463c9a70187489196d4a9498bb41c5f44bb18dc8fcaae47e0280cc824d772
Ξ0.0058,https://etherscan.io/tx/0x183e8bb5063d7701c6bab5953ec714dc423522022fbab3a156d06acf072425fc
Ξ1,https://etherscan.io/tx/0xc622955a0fa6ed8a53e9b87f6a6bb7befad9856c51cbec00269c89573bd56987
Ξ8.3,https://etherscan.io/tx/0x57858c816a26fbbcd98cd21b12300e56531404e6294228b78245574c328e57e5
Ξ1,https://etherscan.io/tx/0x155c02778bbf48e3115e9593148d59bcd6a42c4fb970452702ab6fa99f1a0d59
Ξ0.05,https://etherscan.io/tx/0x10020fbc6c14c5330600f141623b19c1ebaae8eaabe61bbefc7cd7693567bbe5
Ξ0.15,https://etherscan.io/tx/0xfa418df14f7489a935e452ed5dc295f5ad957e474f0fca2d8ad3cbafd5ef7f7f
Ξ0.1,https://etherscan.io/tx/0xd71239b9e7029051fe527da24725d83ee698fe6c3aeaaadea1042b112025f7c3
Ξ0.01,https://etherscan.io/tx/0xbdbeea56df7db1343e8dd4e0f37cf8e21d2adbacb3527b3cd00e45f6c05037c4
Ξ0.0021,https://etherscan.io/tx/0x73ce99b40c582dd19c2ce953e8d3781cd1eaa12f97e9434352d6c8aa083bbfdb
Ξ1,https://etherscan.io/tx/0x0aeeceb6bc45db13693e9dc050048bb72025d92b17ba67200142219110d0ebf6
Ξ0.1,https://etherscan.io/tx/0xe57206bf8dd621f62f314221f24d53b61f4ae12125d68324dd584c22944bd321
Ξ2,https://etherscan.io/tx/0xa63df0c1b0189f3a8051c8ca05de559e38ab87660f526abb326f44bf849afbc7
Ξ0.0117,https://etherscan.io/tx/0x5ed2b80384d26120a7950a42368fe879f2486bf50183bfb79ff244ea2e6b26cf
Ξ0.15,https://etherscan.io/tx/0x5b5869b5034ea02dbe1477e242a0125c523a3faca42f39af2eb72f12588cb877
Ξ0.2,https://etherscan.io/tx/0xef08161f52569146bca98d4ad697eb8197d38b377ed7d602f021aa7145908dfb
Ξ0.27,https://etherscan.io/tx/0xb57fe65d2b49bab563612dfafa21db44cf6874cf3361af7a4551defc46097b53
Ξ0.68,https://etherscan.io/tx/0xa817df7635cbd479c701bd82dbd88849464242944aa75c46a41f89a68d70f759
Ξ0.1,https://etherscan.io/tx/0x8c1d2d9c40cdc326b48163412e6133e2bc42835f1ae1592f2a9ff98a3498f91f
Ξ0.1,https://etherscan.io/tx/0x8c098cf0609a4ced54afa1c4c0f8995f6ff40d623dadf401e9faae9c42430f79
Ξ0.1,https://etherscan.io/tx/0x2f51fae57014e68fcca8012b48a8224bc59778c448a52c9b2b1b1e3dc39b99b2
Ξ1,https://etherscan.io/tx/0x15334071adc34641bd080ba0eae02cf78b0659212485933694eda6e44d7487d5
Ξ0.1,https://etherscan.io/tx/0xd40ab3bc5ba50d39bae74add25ddfc5bfbb1932223769d3a70758e6be27a03ff
Ξ0.033,https://etherscan.io/tx/0xccc1067df4d238ce98c1eef1f20f688b789e3ce69f5d392a84a3d43eab7ae3f8
Ξ0.1,https://etherscan.io/tx/0xba72053538da2b93f596565902601848f3d0483b804457f3e16adaeecb42c5ba
Ξ0.5,https://etherscan.io/tx/0x98d8b614701557a9b5d4be24646d72ae40d235c4fc56de41f746dba834905190
Ξ0.31,https://etherscan.io/tx/0x54151366e8f8a4d9c787645ab8031fd48670cdd571772b98e77ff41f034e70b5
Ξ0.01,https://etherscan.io/tx/0x1bc549e30ade6bfff78e1a2d269d1bedc8ffa0be4f9bfe3df254cc42d1ba6eae
Ξ0.018,https://etherscan.io/tx/0x11d49366695ef717cc7bb126a86d05e1c91211b4f70e130bb186a6b4d3bf1cc5
Ξ0.1,https://etherscan.io/tx/0xe23094df462da6bd4277257a2fcf666c59f9783cd6bd64719336535695c78ddf
Ξ0.001,https://etherscan.io/tx/0xdaf51ede854f063e510aec4b4021faa176dd7f7f1e3e62a1613913503aa8981d
Ξ0.0017,https://etherscan.io/tx/0x9d040970ee48805c21c01146d9cfa60f57151bb4d73b45ea67e6e2cfa4aaf2c2
Ξ0.0057,https://etherscan.io/tx/0x627d582dc2deb139eaa073a271675c7cde19de66bc8918318753f157dcb4549a
Ξ0.02,https://etherscan.io/tx/0x5c89f01e11f2804943237e246a94ec6121a690ae11ad96b986e76989199b622e
Ξ0.05,https://etherscan.io/tx/0x9ed569e67a235e2b5f505211c71ca63585886e447d5baadb66fd52be92b0d782
Ξ0.0017,https://etherscan.io/tx/0xded21f1220270dc4f63156f612e29e158ea80c9f52c5ea3946575131495e8973
Ξ0.02,https://etherscan.io/tx/0xb96b8abcf3fa37c6958670e9dc9e877b1a0de982f0c2279a1789275fc3e996e8
Ξ0.0703,https://etherscan.io/tx/0x40b1c58adb47b292c432e5dce3046239f3d7c46814be6ccd834e3008215b2d6b
Ξ0.03,https://etherscan.io/tx/0x80b21f946546df2eeafaad80ae54b18dc425d99114e738b485be2300e105e931
Ξ1,https://etherscan.io/tx/0x72922ec8fb8b465dc0243ddaa12c006e0bfad80ccb9af9bb90d07756711f981c
Ξ0.1,https://etherscan.io/tx/0xf9fb16c099f8dcfaa7a3ec247f66656d88e0d7a8fcea00edc1a51955e908fd28
Ξ0.5,https://etherscan.io/tx/0xe353776080c073d7b40f660db5f0bbacef5e468d1275b50dbaeb796cdddeb9bc
Ξ0.1,https://etherscan.io/tx/0xe1e69120b2356c1f908e49dae135b47d1a3b3fa94eb2dad19fe501d49631393e
Ξ0.05,https://etherscan.io/tx/0xa0de95a014fe6f9fd269b4f7159729b8d8441e54ca7bbb452e9c6ee3acc020f5
Ξ0.05,https://etherscan.io/tx/0x3216e8729b977951079b5737dfc04d61cf84d710ee18d786e6aa5f983214765d
Ξ0.21,https://etherscan.io/tx/0x04b6fb19eb3ce1021cbbdc7ea69b6839c9e05e8d36876bdc0a6dac789d704c6e
Ξ0.1,https://etherscan.io/tx/0xfe1ee57b2413b66b23c15238d5b40377e223dd0375cfe8ee612d20baf1e28c51
Ξ0.4,https://etherscan.io/tx/0xc2212788551025c3e2856ccc12a6dffb29bfb6742c968663f7f506cc57115430
Ξ0.5,https://etherscan.io/tx/0xb59794ae9328a7f36f92a70a066405017b51f84ca5d8e0640886c8e94d42d16f
Ξ0.1,https://etherscan.io/tx/0x8f5277da83352a0c25b2c08dadd0356552d0bda9781fade8da3d6ec43c2f918a
Ξ0.2,https://etherscan.io/tx/0x832ca6c98de6b6813c750e9de47b665323439cc718c9938742f7abca9305e90a
Ξ0.21,https://etherscan.io/tx/0x3af65537308e7165c9f7abb8660a056274e425218de708f555630cf51dc334c0
Ξ0.1,https://etherscan.io/tx/0x15d5d595140b538f63074e3feb7e2c12e1ee5dfe3935168afe9a7c77363e87e6
Ξ0.005,https://etherscan.io/tx/0x024b3c0bb4cb867368c0628c7ab612b5c015e7d4b2e02ff5aff935592d25bef9
Ξ0.0678,https://etherscan.io/tx/0x1fd278c75f4010fc61c80a2fe95e424c110ac574350d988c7d0482aa1211b5b7
Ξ1,https://etherscan.io/tx/0x3f4c5e39bb8ed62886278f74dae661fe038969d705fcf7defd56df799d21272e
Ξ0.035,https://etherscan.io/tx/0xf8c8b50efc031a7e7a9ad9f5914acd5fe0e069cc1dd6634ea31700eb986a1cac
Ξ0.1,https://etherscan.io/tx/0x54d1de142a2eaee3968ddbe82d78b60d28e56cd03f05456ff0fe642e3d40eceb
Ξ0.1,https://etherscan.io/tx/0x7bcf66ee4a552700ad529cee4f8c668c722c0ccc51fe56c01ad8290d03ea33bd
Ξ0.0001,https://etherscan.io/tx/0x98b54ee04060f970c44ebf045274f4c3618be46b2573330475d8336786e0f778
Ξ0.0000,https://etherscan.io/tx/0x4a7a125dda70819c9bb0b59e3acb92edd5e427c01fbfe4881138aa98438a62fd
Ξ0.2,https://etherscan.io/tx/0x435f31bf3e2c921a7f637a079a32ba6d9ab6535f9fd54a77a1bb82d03e078f03
Ξ0.1,https://etherscan.io/tx/0x3afd777e57699b4eb101ab11e0d8d90783ee1081ae1eba29fb87efbaab62bbed
Ξ0.015,https://etherscan.io/tx/0x2a6c7f421285f4becb5b512a7ac5b8d732ec242cfaeb82785aabc7609dd0780e
Ξ0.01,https://etherscan.io/tx/0x1e3278bc80a8a3fb73c0a35dfd8445f76e4c34f4529934f936478b761b0cacc2
Ξ0.0070,https://etherscan.io/tx/0x1c17b17ea49824b614113ec61150b39d0c7c28984194a42db65c922c4aeaa0af
Ξ0.0000,https://etherscan.io/tx/0xe96999be531fff64b445d676ea48a743729f8ac25e118c031f46c02962f08e6c
Ξ0.14,https://etherscan.io/tx/0x76a3f732ffff1249b008efc976101ff72fbe78373cf39c4e5737efab248af2bc
Ξ0.1,https://etherscan.io/tx/0x2e8acb8ef4cded6402c7fd4bc8ce5988d703eb0a61a2e55bf515184ecb441ecb
Ξ1,https://etherscan.io/tx/0xf9a7ba205892e8010730e1888d897b030d0d179533e458e9121b4d96b7f3be51
Ξ0.05,https://etherscan.io/tx/0xcf1e862c4e348346d8928221e1631f0a9e9ad48ef6801f89432754f42e6bda98
Ξ1,https://etherscan.io/tx/0x1e48b70a11f8dd46b57cd3f3411f4e9bd50a7bc766b98a7c71c4d157fc5623cf
Ξ0.05,https://etherscan.io/tx/0x144126095d16d0d316fdb1f2e5e92b3d60188ef8e85de508cdb93f1a817a775e
Ξ0.1,https://etherscan.io/tx/0x1ac02f20cbdf117e5af11521f705f8de85cfdde0b9a8073d489d7814d725c069
Ξ0.1,https://etherscan.io/tx/0xed061c299b54a9c152f566521d9ae9a158d2e634deaeaaf35a902072e83b9aee
Ξ0.02,https://etherscan.io/tx/0xbd7c314e5fe7054c977da5885c28665429fbfb00e3aec27aa6f9f449e5d730ce
Ξ0.15,https://etherscan.io/tx/0xb60fb55c8f222b70e0212d3e0b4b0de0cb844c06065b74364a5eb730cb3dab77
Ξ0.1111,https://etherscan.io/tx/0xb24101b584fee56af77044fa6f0a95bb8e7dff5fa146993653042b725c86748c
Ξ0.01,https://etherscan.io/tx/0x7901493e1f90a124badefb8b6f3929d1a6e5c80ebcfff7a5de190d32b4cc98d0
Ξ0.2,https://etherscan.io/tx/0x77b18b352181804c10078a6ce88309f6060bbebfa5b1628376af4f72d81e73b6
Ξ0.01,https://etherscan.io/tx/0x61f90f241a4d5c6db7758eeadd30d3a2d7d071f2cdea968492600500eb80d121
Ξ0.01,https://etherscan.io/tx/0x5d2d7412f6d6cb598ef42c706d198c443e916593070e16397d5f1012b41342e8
Ξ0.5,https://etherscan.io/tx/0x50384cca410e3c28c766cd5cac1559cb737accf56a9b3ba7fb79af6e5b753439
Ξ0.12,https://etherscan.io/tx/0x33bd32409f8892c13e9d7f31f605e1b489706db0f1c2a82d93f75644883bfb47
Ξ0.1,https://etherscan.io/tx/0x1f5755ee6aac0f7fd9d54aab1bb90895c91ae2ed5101320bfc8fb81f3cc37585
